,molecule_name,test_type,test_text,opsin_smiles,line_idx,chemdata_namescore,chemdata_precision,chemdata_recall,chemdata_f1
0,"(((1S,1'S)-((4R,5R)-2,2-dimethyl-1,3-dioxolane-4,5-diyl)bis(prop-2-ene-1,1-
diyl))bis(oxy))bis(tert-butyldimethylsilane)",Rf,"(SiO2, 10% EtOAc:PE40-60) 0.7",C=C[C@H](O[Si](C)(C)C(C)(C)C)[C@@H]1OC(C)(C)O[C@H]1[C@H](C=C)O[Si](C)(C)C(C)(C)C,328,,,,
1,"(((1S,1'S)-((4R,5R)-2,2-dimethyl-1,3-dioxolane-4,5-diyl)bis(prop-2-ene-1,1-
diyl))bis(oxy))bis(tert-butyldimethylsilane)",1H NMR,"(500 MHz, CDCl3) δ 5.87 (ddd, J = 17.1, 10.4, 6.5 Hz,
1H, H21), 5.23 (d, J = 17.1 Hz, 1H, H20'), 5.19 (d, J = 10.4 Hz, 1H, H20''), 4.23 (d, J = 6.5 Hz, 1H,
H22), 3.96 (s, 1H, H23), 1.38 (s, 3H, C-CH3), 0.91 (s, 9H, Si-C(CH3)3), 0.08 (s, 3H, Si-CH3), 0.04
(s, 3H, Si-CH3)",C=C[C@H](O[Si](C)(C)C(C)(C)C)[C@@H]1OC(C)(C)O[C@H]1[C@H](C=C)O[Si](C)(C)C(C)(C)C,329,,,,
2,"(((1S,1'S)-((4R,5R)-2,2-dimethyl-1,3-dioxolane-4,5-diyl)bis(prop-2-ene-1,1-
diyl))bis(oxy))bis(tert-butyldimethylsilane)",13C NMR,"(126 MHz, CDCl3) δ 138.04, 116.78, 109.18, 80.77, 74.42, 27.79, 26.17,
18.48, -4.06, -4.36",C=C[C@H](O[Si](C)(C)C(C)(C)C)[C@@H]1OC(C)(C)O[C@H]1[C@H](C=C)O[Si](C)(C)C(C)(C)C,330,0.03,1.0,0.83,0.91
3,"(((1S,1'S)-((4R,5R)-2,2-dimethyl-1,3-dioxolane-4,5-diyl)bis(prop-2-ene-1,1-
diyl))bis(oxy))bis(tert-butyldimethylsilane)",MS,"(ES+) calcd. for C23H50O4Si2N [M+NH4]+ 460.3273, found 460.3271",C=C[C@H](O[Si](C)(C)C(C)(C)C)[C@@H]1OC(C)(C)O[C@H]1[C@H](C=C)O[Si](C)(C)C(C)(C)C,331,,,,
4,"(((1S,1'S)-((4R,5R)-2,2-dimethyl-1,3-dioxolane-4,5-diyl)bis(prop-2-ene-1,1-
diyl))bis(oxy))bis(tert-butyldimethylsilane)",IR,"(thin film, vmax) 2899, 2875, 2164, 1640, 1300, 1294, 1241, 1235, 1200, 1164, 1076, 924, 725,
643 cm-1",C=C[C@H](O[Si](C)(C)C(C)(C)C)[C@@H]1OC(C)(C)O[C@H]1[C@H](C=C)O[Si](C)(C)C(C)(C)C,332,,,,
5,"(1S)-1-((4S,5R,6S)-6-(1-hydroxyallyl)-2,2,5-trimethyl-1,3-dioxan-4-yl)ethyl benzoate",1H NMR,"(500 MHz, CDCl3) δ 8.10 – 7.96 (m, 2H, Ar-H), 7.58 – 7.50 (m, 1H, Ar-H), 7.43 (td, J
= 7.8, 1.6 Hz, 2H, Ar-H), 5.89 (dddd, J = 18.9, 17.0, 10.5, 6.2 Hz, 1H, H21 major + minor), 5.40 (d, J =
17.3 Hz, 0.64H, H20’major), 5.39 (d, J = 17.2 Hz, 0.36H, H20’minor), 5.27 (ddt, J = 10.4, 8.8, 1.5 Hz,
1H, H20”major + minor), 5.19 (dq, J = 9.1, 6.5 Hz, 1H, H26major + minor), 4.29 – 4.24 (m, 0.64H, H22
major), 4.06 – 4.00 (m, 0.34H, H22 minor), 3.91 (dd, J = 9.2, 4.2 Hz, 0.36H, H25 minor), 3.84 (dd, J =
9.2, 4.0 Hz, 0.64H, H25 major), 3.45 (dd, J = 6.8, 3.1 Hz, 0.64H, H23 major), 3.26 (dd, J = 7.1, 5.5 Hz,
0.36H, H23 minor), 2.50 (d, J = 5.1 Hz, 0.36H, OH minor), 2.28 (d, J = 4.4 Hz, 0.64H, OH major), 2.10
(ddq, J = 6.8, 4.1 Hz, 0.64H, H24major + minor), 2.02 (ddq, J = 6.7, 4.1 Hz, 0.36H, H24major + minor),
1.37 – 1.29 (m, 9H, H31major + minor, C(CH3)2 ), 0.98 (dd, J = 6.8, 1.7 Hz, 3H, H31major + minor).",C=CC(O)[C@H]1OC(C)(C)O[C@H]([C@H](C)OC(=O)c2ccccc2)[C@@H]1C,407,,,,
6,"(1S)-1-((4S,5R,6S)-6-(1-hydroxyallyl)-2,2,5-trimethyl-1,3-dioxan-4-yl)ethyl benzoate",MS,"(ES+) calcd for C19H26O5Na [M+Na]+ 357.1673, found 357.1679",C=CC(O)[C@H]1OC(C)(C)O[C@H]([C@H](C)OC(=O)c2ccccc2)[C@@H]1C,408,,,,
7,"(1S,1'S)-1,1'-((2S,3S)-1,4-dioxaspiro[4.4]nonane-2,3-diyl)bis(prop-2-en-1-ol)",Rf,"(SiO2, 30% EtOAc:PE40-60) 0.15",C=C[C@H](O)[C@@H]1OC2(CCCC2)O[C@H]1[C@@H](O)C=C,350,,,,
8,"(1S,1'S)-1,1'-((2S,3S)-1,4-dioxaspiro[4.4]nonane-2,3-diyl)bis(prop-2-en-1-ol)",1H NMR,"(500 MHz, CDCl3) δ 5.98 (ddd, J = 17.3, 10.5, 5.9
Hz, 1H, H21), 5.38 (dd, J = 17.3, 1.5 Hz, 1H, H20'), 5.28 (dd, J = 10.5, 1.5 Hz, 1H, H20''), 4.20 –
4.10 (m, 1H, H23), 3.92 – 3.81 (m, 1H, H22), 1.89 – 1.81 (m, 1H, Ha'), 1.80 – 1.72 (m, 1H, Ha''), 1.71
– 1.60 (m, 2H, Hb)",C=C[C@H](O)[C@@H]1OC2(CCCC2)O[C@H]1[C@@H](O)C=C,351,,,,
9,"(1S,1'S)-1,1'-((2S,3S)-1,4-dioxaspiro[4.4]nonane-2,3-diyl)bis(prop-2-en-1-ol)",13C NMR,"(126 MHz, CDCl3) δ 137.13, 119.76, 117.22, 81.46, 73.62, 37.42,
23.66",C=C[C@H](O)[C@@H]1OC2(CCCC2)O[C@H]1[C@@H](O)C=C,352,,,,
10,"(1S,1'S)-1,1'-((2S,3S)-1,4-dioxaspiro[4.4]nonane-2,3-diyl)bis(prop-2-en-1-ol)",MS,"(ES+) calcd for C13H20O4Na [M+Na]+ 263.1254, found 263.1254",C=C[C@H](O)[C@@H]1OC2(CCCC2)O[C@H]1[C@@H](O)C=C,353,,,,
11,"(1S,1'S)-1,1'-((2S,3S)-1,4-dioxaspiro[4.4]nonane-2,3-diyl)bis(prop-2-en-1-ol)",IR,"(thin film,
vmax) 3412, 2960, 2880, 2873, 1645, 1433, 1336, 1205, 994, 926 cm-1",C=C[C@H](O)[C@@H]1OC2(CCCC2)O[C@H]1[C@@H](O)C=C,354,,,,
12,"(1S,1'S)-1,1'-((4S,5S)-2,2-dimethyl-1,3-dioxolane-4,5-diyl)bis(prop-2-en-1-ol)",1H NMR,"(500 MHz, CDCl3) δ 5.99 (ddd, J = 17.2, 10.5, 6.0 Hz, 2H, H21), 5.39 (dt, J = 17.3, 1.5
Hz, 2H, H20’), 5.29 (dt, J = 10.5, 1.4 Hz, 2H, H20”), 4.25 – 4.15 (m, 2H, H22), 3.95 – 3.86 (m,
2H, H23), 2.58 (s, 2H, OH), 1.41 (s, 6H, C(CH3)2)",C=C[C@H](O)[C@@H]1OC(C)(C)O[C@H]1[C@@H](O)C=C,326,,,,
13,"(1S,1'S)-1,1'-((4S,5S)-2,2-dimethyl-1,3-dioxolane-4,5-diyl)bis(prop-2-en-1-ol)",MS,"(ES+) calcd. for C11H22O4N [M+NH4]+
232.1543, found 232.1547",C=C[C@H](O)[C@@H]1OC(C)(C)O[C@H]1[C@@H](O)C=C,327,,,,
14,"(2R,3R)-2,3-bis((S)-1-((tert-butyldimethylsilyl)oxy)allyl)-1,4-dioxaspiro[4.4]nonane",Rf,"(SiO2, 5% EtOAc:PE40-60) 0.2",C=C[C@H](O[Si](C)(C)C(C)(C)C)[C@@H]1OC2(CCCC2)O[C@H]1[C@H](C=C)O[Si](C)(C)C(C)(C)C,355,,,,
15,"(2R,3R)-2,3-bis((S)-1-((tert-butyldimethylsilyl)oxy)allyl)-1,4-dioxaspiro[4.4]nonane",1H NMR,"(400 MHz, CDCl3) δ 5.87 (ddd, J = 17.1, 10.4, 6.7 Hz,
1H, H21), 5.27 – 5.18 (m, 2H, H20), 4.18 – 4.12 (m, 1H, H23), 3.95 (dd, J = 3.9, 1.3 Hz, 1H, H22),
1.79 (td, J = 6.5, 5.9, 2.4 Hz, 2H, Ha), 1.69 – 1.61 (m, 2H, Hb), 0.91 (s, 9H, Si-C(CH3)3), 0.08 (s,
3H, Si-CH3), 0.04 (s, 3H, Si-CH3)",C=C[C@H](O[Si](C)(C)C(C)(C)C)[C@@H]1OC2(CCCC2)O[C@H]1[C@H](C=C)O[Si](C)(C)C(C)(C)C,356,,,,
16,"(2R,3R)-2,3-bis((S)-1-((tert-butyldimethylsilyl)oxy)allyl)-1,4-dioxaspiro[4.4]nonane",13C NMR,"(126 MHz, CDCl3) δ 138.41, 119.39, 116.53, 80.90,
74.11, 38.20, 25.93, 23.51, 18.22, -4.13, -4.62",C=C[C@H](O[Si](C)(C)C(C)(C)C)[C@@H]1OC2(CCCC2)O[C@H]1[C@H](C=C)O[Si](C)(C)C(C)(C)C,357,0.02,1.0,0.85,0.92
17,"(2R,3R)-2,3-bis((S)-1-((tert-butyldimethylsilyl)oxy)allyl)-1,4-dioxaspiro[4.4]nonane",MS,"(ES+) calcd for C25H52O4Si2N [M+NH4]+
486.3249, found 486.3420",C=C[C@H](O[Si](C)(C)C(C)(C)C)[C@@H]1OC2(CCCC2)O[C@H]1[C@H](C=C)O[Si](C)(C)C(C)(C)C,358,,,,
18,"(2R,3R)-2,3-bis((S)-1-((tert-butyldimethylsilyl)oxy)allyl)-1,4-dioxaspiro[4.4]nonane",IR,"(thin film, vmax) 2910, 2896, 2870, 2159, 2143, 1640, 1309, 1290,
1288, 1241, 1225, 1160, 1101, 1075, 924 cm-1",C=C[C@H](O[Si](C)(C)C(C)(C)C)[C@@H]1OC2(CCCC2)O[C@H]1[C@H](C=C)O[Si](C)(C)C(C)(C)C,359,,,,
19,"(2R,5S,6R)-8-((tert-butyldimethylsilyl)oxy)-6-hydroxy-1-((4-methoxybenzyl)oxy)-2,5-
dimethyloctan-4-one",1H NMR,"(500 MHz, CDCl3) δ 7.23 (d, J = 8.6 Hz, 2H, PMB Ar-H), 6.86 (d, J = 8.6 Hz, 2H, PMB
Ar-H), 4.41 (s, 2H, PMB Ar-CH2O-), 4.04-4.09 (m, 1H, H5), 3.80 (s, 3H, PMB Ar-OCH3), 3.70-
3.83 (m, 2H, H2), 3.44 (s, 1H, C5-OH), 3.32 (dd, J = 9.3, 5.3 Hz, 1H, H10’), 3.23 (dd, J= 9.3, 6.8
Hz, 1H, H10”), 2.67 (d, J = 5.1 Hz, 1H, H8’), 2.57-2.65 (m, 1H, H6), 2.32-2.41 (m, 1H, H9), 2.31
(d, J = 7.6 Hz, 1H, H8”), 1.60-1.69 (m, 1H, H4’), 1.51-1.58 (m, 1H, H4”), 1.12 (d, J= 7.2 Hz, 3H,
H8), 0.92 (d, J = 6.6 Hz, 3H, H29), 0.9 (s, 9H, Si-C(CH3)3), 0.1 (s, 6H, Si-(CH3)2)",COc1ccc(COC[C@H](C)CC(=O)[C@@H](C)[C@H](O)CCO[Si](C)(C)C(C)(C)C)cc1,262,,,,
20,"(2R,5S,6R)-8-((tert-butyldimethylsilyl)oxy)-6-hydroxy-1-((4-methoxybenzyl)oxy)-2,5-
dimethyloctan-4-one",MS,"(ES+)
calcd for C24H42O3SiNa [M+Na]+ 461.2694, found 461.2682",COc1ccc(COC[C@H](C)CC(=O)[C@@H](C)[C@H](O)CCO[Si](C)(C)C(C)(C)C)cc1,263,,,,
21,"(2S,3S,4R,5R)-3,5-dihydroxy-4-methylhept-6-en-2-yl benzoate",1H NMR,"(400 MHz, CDCl3) δ 8.14 – 7.99 (m, 2H, Ar-H), 7.63 – 7.51 (m, 1H, Ar-H), 7.50 – 7.37
(m, Ar-H), 5.93 (ddd, J = 17.1, 10.5, 5.8 Hz, 1H, H22), 5.40 – 5.31 (m, 1H, H21'), 5.27 – 5.21 (m,
1H, H21''), 5.26 – 5.18 (m, 1H, H26), 4.21 – 4.15 (m, 1H, H25), 4.15 – 4.07 (m, 1H, H23), 1.84 –
1.73 (m, 1H, H24), 1.32 (d, J = 6.4 Hz, 3H, H27), 1.07 (d, J = 7.1 Hz, 3H, H31)",C=C[C@@H](O)[C@@H](C)[C@H](O)[C@H](C)OC(=O)c1ccccc1,376,,,,
22,"(2S,3S,4R,5R)-3,5-dihydroxy-4-methylhept-6-en-2-yl benzoate",MS,"(ES+) calcd
for C15H20O4Na [M+Na]+ 287.1254, found 287.1251",C=C[C@@H](O)[C@@H](C)[C@H](O)[C@H](C)OC(=O)c1ccccc1,377,,,,
23,"(2S,3S,4R,5R)-5-acetoxy-4-methyl-3-((triethylsilyl)oxy)hept-6-en-2-yl benzoate",Rf,"(SiO2, 10% EtOAc:PE40-60) 0.7",C=C[C@@H](OC(C)=O)[C@@H](C)[C@H](O[Si](CC)(CC)CC)[C@H](C)OC(=O)c1ccccc1,385,,,,
24,"(2S,3S,4R,5R)-5-acetoxy-4-methyl-3-((triethylsilyl)oxy)hept-6-en-2-yl benzoate",1H NMR,"(500 MHz, CDCl3) δ 8.08 (dd, J = 8.3, 1.4 Hz, 2H,
Ar-H), 7.58 (ddt, J = 8.7, 7.0, 1.3 Hz, 1H, Ar-H), 7.47 (t, J = 7.8 Hz, 2H, Ar-H), 5.70 (ddd, J =
17.4, 10.4, 7.2 Hz, 1H, H22), 5.30 – 5.26 (m, 1H, H21'), 5.23 (ddd, J = 10.4, 1.5, 0.8 Hz, 1H, H21''),
5.21 – 5.15 (m, 1H, H26), 5.14 – 5.10 (m, 1H, H23), 4.04 (dd, J = 6.5, 2.4 Hz, 1H, H25), 2.03 (s,
3H, Ac CH3), 2.02 – 1.96 (m, 1H, H24), 1.33 (d, J = 6.5 Hz, 3H, H27), 0.94 (d, J = 5.9 Hz, 3H,
H31), 0.93 – 0.90 (m, 9H, Si-(CH2CH3)3), 0.64 – 0.51 (m, 6H, Si-(CH2CH3)3).",C=C[C@@H](OC(C)=O)[C@@H](C)[C@H](O[Si](CC)(CC)CC)[C@H](C)OC(=O)c1ccccc1,386,,,,
25,"(2S,3S,4R,5R)-5-acetoxy-4-methyl-3-((triethylsilyl)oxy)hept-6-en-2-yl benzoate",13C NMR,"(126
MHz, CDCl3) δ 170.03, 166.09, 134.94, 132.89, 130.70, 129.60, 128.31, 118.78, 76.64, 74.41, 71.98,
38.37, 21.27, 15.69, 10.07, 6.90, 5.21",C=C[C@@H](OC(C)=O)[C@@H](C)[C@H](O[Si](CC)(CC)CC)[C@H](C)OC(=O)c1ccccc1,387,,,,
26,"(2S,3S,4R,5R)-5-acetoxy-4-methyl-3-((triethylsilyl)oxy)hept-6-en-2-yl benzoate",IR,"(thin film, vmax) 3209, 2094, 1737, 1725, 1660, 1667, 1290,
1262, 1109, 1004, 865 cm-1.",C=C[C@@H](OC(C)=O)[C@@H](C)[C@H](O[Si](CC)(CC)CC)[C@H](C)OC(=O)c1ccccc1,388,,,,
27,"(2S,3S,4R,5R)-5-acetoxy-4-methyl-3-((triethylsilyl)oxy)hept-6-en-2-yl benzoate",MS,"(ES+) calcd for C23H37O5Si [M+H]+ 421.2405, found
421.2397",C=C[C@@H](OC(C)=O)[C@@H](C)[C@H](O[Si](CC)(CC)CC)[C@H](C)OC(=O)c1ccccc1,389,,,,
28,"(2S,3S,4S,5R)-5-acetoxy-3-hydroxy-4-methylhept-6-en-2-yl benzoate",1H NMR,"(400 MHz, CDCl3) δ 8.05 (dd, J = 8.3, 1.4 Hz, 2H, Ar-H), 7.62 – 7.51 (m, 1H, Ar-H),
7.45 (dd, J = 8.3, 7.0 Hz, 2H, Ar-H), 5.79 (ddd, J = 17.0, 10.4, 7.4 Hz, 1H, H22), 5.37 – 5.25 (m,
3H, 26, H21), 5.25 – 5.16 (m, 1H, H23), 3.82 (dd, J = 6.4, 3.6 Hz, 1H, H25), 2.11 (s, 3H, Ac CH3),
1.96 – 1.83 (m, 1H, H24), 1.33 (d, J = 6.4 Hz, 3H, H27), 0.96 (d, J = 7.0 Hz, 3H, H31)",C=C[C@@H](OC(C)=O)[C@@H](C)[C@H](O)[C@H](C)OC(=O)c1ccccc1,383,,,,
29,"(2S,3S,4S,5R)-5-acetoxy-3-hydroxy-4-methylhept-6-en-2-yl benzoate",MS,"(ES+) calcd for C17H23O5 [M+H]+ 307.1540, found 307.1541",C=C[C@@H](OC(C)=O)[C@@H](C)[C@H](O)[C@H](C)OC(=O)c1ccccc1,384,,,,
30,"(2S,4R,5R)-4-methyl-3-oxo-5-(((R)-3,3,3-trifluoro-2-methoxy-2-phenylpropanoyl)oxy)hept-6-
en-2-yl benzoate",1H NMR,"(500 MHz, CDCl3) δ 8.07 – 8.00 (m, 2H, Ar-H), 7.62 – 7.55 (m, 1H, Ar -H), 7.49 – 7.41
(m, 2H, Ar -H), 7.42 – 7.39 (m, 5H, MTPA Ar-H), 5.65 (ddd, J = 16.6, 10.0, 8.1, H22), 5.64 – 5.57
(m, 1H, H23) , 5.55 (dd, J = 16.6, 1.2 Hz, 1H, H21’), 5.45 (dd, J = 9.9, 1.3 Hz, 1H, H21”), 5.20 (q,
J = 7.0 Hz, 1H, H26), 3.52 (s, 3H, MTPA O-CH3), 3.11 – 3.02 (m, 1H, H24), 1.17 (d, J = 7.2 Hz,
3H, H27), 1.15 (d, J = 7.0 Hz, 3H, H31)",C=C[C@@H](OC(=O)[C@](OC)(c1ccccc1)C(F)(F)F)[C@@H](C)C(=O)[C@H](C)OC(=O)c1ccccc1,372,,,,
31,"(2S,4R,5R)-4-methyl-3-oxo-5-(((R)-3,3,3-trifluoro-2-methoxy-2-phenylpropanoyl)oxy)hept-6-
en-2-yl benzoate",MS,"(ES+) calcd for C25H26F3O6 [M+H]+ 479.1676,
found 479.1680",C=C[C@@H](OC(=O)[C@](OC)(c1ccccc1)C(F)(F)F)[C@@H](C)C(=O)[C@H](C)OC(=O)c1ccccc1,373,,,,
32,"(2S,4R,5R)-4-methyl-3-oxo-5-(((S)-3,3,3-trifluoro-2-methoxy-2 phenylpropanoyl)oxy)hept-6-
en-2-yl benzoate",1H NMR,"(500 MHz, CDCl3) δ 8.08 – 8.01 (m, 2H, Ph-H), 7.59 (ddt, J = 8.8, 7.4, 1.3 Hz, 1H, Ph-
H), 7.49 – 7.44 (m, 2H, Ph-H), 7.41 – 7.35 (m, 5H, MTPA Ph-H), 5.73 (ddd J = 16.7, 9.9, 8.1,
H22), 5.71 – 5.65 (m, 1H, H23), 5.47 (dd, J = 16.6, 1.3 Hz, 1H, H21’), 5.41 (dd, J = 9.9, 1.3 Hz, 1H,
H21”), 5.34 (q, J = 7.1 Hz, 1H, H26), 3.43 (s, 3H, MTPA O-CH3), 3.10 – 3.04 (m, 1H, H24), 1.35
(d, J = 7.1 Hz, 3H, H27), 1.21 (d, J = 7.2 Hz, 3H, H31)",C=C[C@@H](OC(=O)[C@@](OC)(c1ccccc1)C(F)(F)F)[C@@H](C)C(=O)[C@H](C)OC(=O)c1ccccc1,374,,,,
33,"(2S,4R,5R)-4-methyl-3-oxo-5-(((S)-3,3,3-trifluoro-2-methoxy-2 phenylpropanoyl)oxy)hept-6-
en-2-yl benzoate",MS,"(ES+) calcd for C25H26F3O6 [M+H]+
479.1676, found 479.1679",C=C[C@@H](OC(=O)[C@@](OC)(c1ccccc1)C(F)(F)F)[C@@H](C)C(=O)[C@H](C)OC(=O)c1ccccc1,375,,,,
34,"(2S,4R,5R)-5-hydroxy-4-methyl-3-oxohept-6-en-2-yl benzoate",Rf,"(SiO2, 20% EtOAc:PE40-60) 0.2",C=C[C@@H](O)[C@@H](C)C(=O)[C@H](C)OC(=O)c1ccccc1,367,,,,
35,"(2S,4R,5R)-5-hydroxy-4-methyl-3-oxohept-6-en-2-yl benzoate",1H NMR,"(400 MHz, CDCl3) δ 8.13 – 8.04 (m, 2H, Ph-H), 7.65
– 7.54 (m, 1H, Ph-H), 7.52 – 7.41 (m, 2H, Ph-H), 5.84 (ddd, J = 17.2, 10.4, 6.8 Hz, 1H, H22), 5.44
(q, J = 7.0 Hz, 1H, H26), 5.31 (dt, J = 17.1, 1.4 Hz, 1H, H21'), 5.22 (dt, J = 10.4, 1.2 Hz, 1H, H21''),
4.33 – 4.22 (m, 1H, H23), 3.00 – 2.86 (m, 1H, H24), 2.36 (d, J = 5.3 Hz, 1H, OH), 1.57 (d, J = 7.1
Hz, 3H, H27), 1.23 (d, J = 7.2 Hz, 3H, H31)",C=C[C@@H](O)[C@@H](C)C(=O)[C@H](C)OC(=O)c1ccccc1,368,,,,
36,"(2S,4R,5R)-5-hydroxy-4-methyl-3-oxohept-6-en-2-yl benzoate",13C NMR,"(125MHz, CDCl3) δ 211.10, 165.85, 138.25,
133.36, 129.81, 129.46, 128.47, 117.17, 75.15, 74.78, 35.56, 15.69, 14.40",C=C[C@@H](O)[C@@H](C)C(=O)[C@H](C)OC(=O)c1ccccc1,369,,,,
37,"(2S,4R,5R)-5-hydroxy-4-methyl-3-oxohept-6-en-2-yl benzoate",MS,"(ES+) calcd for
C15H19O4 [M+H]+ 263.1278, found 263.1274",C=C[C@@H](O)[C@@H](C)C(=O)[C@H](C)OC(=O)c1ccccc1,370,,,,
38,"(2S,4R,5R)-5-hydroxy-4-methyl-3-oxohept-6-en-2-yl benzoate",IR,"(thin film, vmax) 3345, 3110, 1813, 1732, 1727, 1718,
1430, 1377, 1104, 990, 905 cm-1",C=C[C@@H](O)[C@@H](C)C(=O)[C@H](C)OC(=O)c1ccccc1,371,,,,
39,"(3R,4R,5R,7R)-1-((tert-butyldimethylsilyl)oxy)-5-hydroxy-8-((4-methoxybenzyl)oxy)-4,7-
dimethyloctan-3-yl propionate",1H NMR,"(500 MHz, CDCl3) δ 7.25 (d, J = 8.7 Hz, 2H, PMB Ar-H), 6.86 (d, J = 8.7 Hz, 2H, PMB
Ar-H), 5.40 (ddd, J = 9.4, 3.7, 2.2 Hz, 1H, H5), 4.44 (s, 2H, PMB Ar-CH2O-), 3.81 (s, 3H, PMB
OCH3), 3.65 – 3.63 (m, 2H, H3), 3.32 (dd, J = 9.2, 6.6 Hz, 2H, H10’), 3.28 (dd, J = 9.2, 6.3 Hz,
2H, H10”), 3.25 – 3.21 (m, 1H, H7), 2.35 – 2.32 (m, 2H, -CH2CH3), 2.12 – 2.06 (m, 1H, H9), 1.94
– 1.89 (m, 1H, H4’), 1.75 – 1.64 (m. 1H, H4”), 1.55 – 1.50 (m, 1H, H6), 1.42 (ddd, J = 14.0, 10.1, 4.4
Hz, 1H, H8’), 1.33 (ddd, J = 14.0, 8.9, 2.2 Hz, 1H, H8”), 1.14 (t, J = 7.5 Hz, -CH2CH3), 0.91 (d, J
= 6.8 Hz, H29), 0.88 (s, 9H, Si-C(CH3)3), 0.84 (d, J = 6.8 Hz, 3H, H28), 0.03 (s, 6H, Si-(CH3)2)",CCC(=O)O[C@H](CCO[Si](C)(C)C(C)(C)C)[C@H](C)[C@H](O)C[C@@H](C)COCc1ccc(OC)cc1,268,,,,
40,"(3R,4R,5R,7R)-1-((tert-butyldimethylsilyl)oxy)-5-hydroxy-8-((4-methoxybenzyl)oxy)-4,7-
dimethyloctan-3-yl propionate",MS,"(ES+) calcd for C26H47O6Si [M+H]+ 497.3293, found 497.3283",CCC(=O)O[C@H](CCO[Si](C)(C)C(C)(C)C)[C@H](C)[C@H](O)C[C@@H](C)COCc1ccc(OC)cc1,269,,,,
41,"(3R,4R,5R,7R)-1-((tert-butyldimethylsilyl)oxy)-8-((4-methoxybenzyl)oxy)-4,7-dimethyloctane-
3,5-diol",1H NMR,"(500 MHz, CDCl3) δ 7.26 (d, J = 8.6 Hz, 2H, Ar-H), 6.90 (d, J = 8.6 Hz, 2H, Ar-H),
4.47 (s, 2H, Ar-CH2-O), 4.15 (d, J = 9.7 Hz, 1H, H5), 3.90 – 3.79 (m, 2H, H3), 3.81 (s, 3H, Ar-
OCH3), 3.70 – 3.66 (m, 1H, H7), 3.37 (dd, J = 9.0, 5.3 Hz, 1H, H10’), 3.28 (dd, J = 9.0, 8.1 Hz, 1H,
H10”), 2.03 – 1.97 (m, 1H, H9), 1.88 – 1.81 (m, 1H, H4’), 1.64 – 1.50 (m, 3H, H8’, H6, H4”), 1.42
– 1.40 (m, 1H, H8”), 0.95 (d, J = 6.9 Hz, 3H, H29), 0.93 (d, J = 6.9 Hz, 3H, H28), 0.91 (s, 9H, Si-
C(CH3)3), 0.09 (s, 6H, Si-(CH3)2)",COc1ccc(COC[C@H](C)C[C@@H](O)[C@@H](C)[C@H](O)CCO[Si](C)(C)C(C)(C)C)cc1,270,,,,
42,"(3R,4R,5R,7R)-1-((tert-butyldimethylsilyl)oxy)-8-((4-methoxybenzyl)oxy)-4,7-dimethyloctane-
3,5-diol",MS,"(ES+) calcd for C24H45O5Si [M+H]+ 441.3031, found
441.3020",COc1ccc(COC[C@H](C)C[C@@H](O)[C@@H](C)[C@H](O)CCO[Si](C)(C)C(C)(C)C)cc1,271,,,,
43,"(3R,4S,7R)-1-((tert-butyldimethylsilyl)oxy)-8-((4-methoxybenzyl)oxy)-4,7-dimethyl-5-
oxooctan-3-yl (R)-3,3,3-trifluoro-2-methoxy-2-phenylpropanoate",1H NMR,"(500 MHz, CDCl3) δ 7.53 (dd, J = 6.8, 3.0 Hz, 2H, MTPA Ar-H), 7.42 – 7.35 (m, 3H,
MTPA Ar-H), 7.22 (d, J = 8.6 Hz, 2H, PMB Ar-H), 6.86 (d, J = 8.6 Hz, 2H, PMB Ar-H), 5.59
(dt, J = 7.6, 4.7 Hz, 1H, H5), 4.39 (s, 2H, PMB Ar-CH2O-), 3.80 (s, 3H, PMB-OCH3), 3.59 – 3.44
(m, 2H, H3), 3.50 (s 3H, MTPA -OCH3), 3.28 (dd, J = 9.2, 5.2 Hz, 1H, H10'), 3.22 (dd, J = 9.2,
6.2 Hz, 1H, H10''), 2.86 (qd, J = 7.1, 4.2 Hz, 1H, H6), 2.68 – 2.56 (m, 1H, H8'), 2.40 – 2.29 (m,
2H, H9, H8''), 1.84 – 1.73 (m, 2H, H4), 1.08 (d, J = 7.1 Hz, 3H, H28), 0.91 (d, J = 6.3 Hz, 3H,
H29), 0.88 (s, 9H, Si-C(CH3)3), 0.02 (s, 3H, Si-CH3), 0.01 (s, 3H, Si-CH3)",COc1ccc(COC[C@H](C)CC(=O)[C@@H](C)[C@@H](CCO[Si](C)(C)C(C)(C)C)OC(=O)[C@](OC)(c2ccccc2)C(F)(F)F)cc1,266,,,,
44,"(3R,4S,7R)-1-((tert-butyldimethylsilyl)oxy)-8-((4-methoxybenzyl)oxy)-4,7-dimethyl-5-
oxooctan-3-yl (R)-3,3,3-trifluoro-2-methoxy-2-phenylpropanoate",MS,"(ES+) calcd
for C34H53O7NF3Si [M+NH4]+ 672.3538, found 672.3533",COc1ccc(COC[C@H](C)CC(=O)[C@@H](C)[C@@H](CCO[Si](C)(C)C(C)(C)C)OC(=O)[C@](OC)(c2ccccc2)C(F)(F)F)cc1,267,,,,
45,"(3R,4S,7R)-1-((tert-butyldimethylsilyl)oxy)-8-((4-methoxybenzyl)oxy)-4,7-dimethyl-5-
oxooctan-3-yl (S)-3,3,3-trifluoro-2-methoxy-2-phenylpropanoate",1H NMR,"(500 MHz, CDCl3) δ 7.54 (dd, J = 7.0, 3.0 Hz, 2H, MTPA Ar-H), 7.41 – 7.35 (m, 3H,
MTPA Ar-H), 7.25 – 7.19 (m, 2H, PMB Ar-H), 6.89 – 6.83 (m, 2H, PMB Ar-H), 5.56 (dt, J = 7.4,
5.0 Hz, 1H, H5), 4.38 (s, 2H, PMB Ar-CH2O-), 3.80 (s, 3H, PMB-OCH3), 3.69 – 3.56 (m, 2H,
H3), 3.52 (d, J = 1.2 Hz, 3H, MTPA -OCH3), 3.25 (dd, J = 9.2, 5.6 Hz, 1H, H10'), 3.18 (dd, J = 9.2,
6.6 Hz, 1H, H10''), 2.81 (qd, J = 7.0, 4.5 Hz, 1H, H6), 2.53 (dd, J = 16.7, 5.2 Hz, 1H, H8'), 2.35 –
2.25 (m, 1H, H9), 2.21 (dd, J = 16.4, 7.8 Hz, 1H, H8''), 1.90 – 1.79 (m, 2H, H4), 1.04 (d, J = 7.1
Hz, 3H, H28), 0.88 (s, 9H, Si-C(CH3)3), 0.86 (d, J = 6.6 Hz, 3H, H29), 0.03 (s, 6H, Si-(CH3)2)",COc1ccc(COC[C@H](C)CC(=O)[C@@H](C)[C@@H](CCO[Si](C)(C)C(C)(C)C)OC(=O)[C@@](OC)(c2ccccc2)C(F)(F)F)cc1,264,,,,
46,"(3R,4S,7R)-1-((tert-butyldimethylsilyl)oxy)-8-((4-methoxybenzyl)oxy)-4,7-dimethyl-5-
oxooctan-3-yl (S)-3,3,3-trifluoro-2-methoxy-2-phenylpropanoate",MS,"(ES+) calcd for C34H53O7NF3Si [M+NH4]+ 672.3538, found 672.3537",COc1ccc(COC[C@H](C)CC(=O)[C@@H](C)[C@@H](CCO[Si](C)(C)C(C)(C)C)OC(=O)[C@@](OC)(c2ccccc2)C(F)(F)F)cc1,265,,,,
47,"(3S,4R,5R,6S)-3,6-bis(benzyloxy)octa-1,7-diene-4,5-diol",Rf,"(SiO2, 30% EtOAc:PE40-60) 0.3",C=C[C@H](OCc1ccccc1)[C@H](O)[C@@H](O)[C@H](C=C)OCc1ccccc1,338,,,,
48,"(3S,4R,5R,6S)-3,6-bis(benzyloxy)octa-1,7-diene-4,5-diol",1H NMR,"(400 MHz, CDCl3) δ 7.39 – 7.27 (m, 5H, Ar-H), 5.84
(ddd, J = 17.1, 10.6, 7.3 Hz, 1H, H21), 5.44 – 5.30 (m, 2H, H20), 4.64 (d, J = 11.5 Hz, 1H, Ar-OCH’
2), 4.39 (d, J = 11.5 Hz, 1H, Ar-O-CH’2), 4.11 – 4.00 (m, 1H, H22), 3.94 – 3.79 (m, 1H, H23),
2.98 (d, J = 5.5 Hz, 1H, C23-OH)",C=C[C@H](OCc1ccccc1)[C@H](O)[C@@H](O)[C@H](C=C)OCc1ccccc1,339,0.03,1.0,1.0,1.0
49,"(3S,4R,5R,6S)-3,6-bis(benzyloxy)octa-1,7-diene-4,5-diol",13C NMR,"(126 MHz, CDCl3) δ 138.10, 134.00, 128.49, 128.03,
127.98, 120.90, 81.51, 73.27, 71.82",C=C[C@H](OCc1ccccc1)[C@H](O)[C@@H](O)[C@H](C=C)OCc1ccccc1,340,0.03,1.0,1.0,1.0
50,"(3S,4R,5R,6S)-3,6-bis(benzyloxy)octa-1,7-diene-4,5-diol",MS,"(ES+) calcd for C25H34O4N [M+NH4]+ 412.2482, found
412.2475",C=C[C@H](OCc1ccccc1)[C@H](O)[C@@H](O)[C@H](C=C)OCc1ccccc1,341,,,,
51,"(3S,4R,5R,6S)-3,6-bis(benzyloxy)octa-1,7-diene-4,5-diol",IR,"(thin film, vmax) 3510 (br), 3021, 2820, 1945, 1864, 1840, 1808, 1622, 1449, 1372,
895, 760, 690 cm-1",C=C[C@H](OCc1ccccc1)[C@H](O)[C@@H](O)[C@H](C=C)OCc1ccccc1,342,,,,
52,"(4S,5S)-4,5-bis((S)-1-(benzyloxy)allyl)-2,2-dimethyl-1,3-dioxolane",Rf,"(SiO2, 10% EtOAc:PE40-60) 0.5",C=C[C@H](OCc1ccccc1)[C@@H]1OC(C)(C)O[C@H]1[C@H](C=C)OCc1ccccc1,333,,,,
53,"(4S,5S)-4,5-bis((S)-1-(benzyloxy)allyl)-2,2-dimethyl-1,3-dioxolane",1H NMR,"(400 MHz, CDCl3) δ 7.37 – 7.19 (m, 5H, Ar-H), 5.83
(ddd, J = 17.4, 10.4, 8.0 Hz, 1H, H21), 5.35 (dd, J = 10.4, 1.8 Hz, 1H, H20'), 5.23 (dd, J = 17.3, 1.8
Hz, 1H, H20''), 4.60 (d, J = 12.0 Hz, 1H, Ar-O-CH’2), 4.34 (d, J = 12.1 Hz, 1H, Ar-O-CH”2), 3.98
(dd, J = 2.9, 1.5 Hz, 1H, H22), 3.89 – 3.81 (m, 1H, H23), 1.36 (s, 3H, C(CH3)2)",C=C[C@H](OCc1ccccc1)[C@@H]1OC(C)(C)O[C@H]1[C@H](C=C)OCc1ccccc1,334,,,,
54,"(4S,5S)-4,5-bis((S)-1-(benzyloxy)allyl)-2,2-dimethyl-1,3-dioxolane",13C NMR,"(126
MHz, CDCl3) δ 138.26, 134.67, 128.43, 128.02, 127.67, 120.44, 110.10, 81.13, 80.44, 70.38, 27.20",C=C[C@H](OCc1ccccc1)[C@@H]1OC(C)(C)O[C@H]1[C@H](C=C)OCc1ccccc1,335,0.06,1.0,1.0,1.0
55,"(4S,5S)-4,5-bis((S)-1-(benzyloxy)allyl)-2,2-dimethyl-1,3-dioxolane",MS,"(ES+) calcd for C25H34O4N [M+NH4]+ 412.2482, found 412.2475",C=C[C@H](OCc1ccccc1)[C@@H]1OC(C)(C)O[C@H]1[C@H](C=C)OCc1ccccc1,336,,,,
56,"(4S,5S)-4,5-bis((S)-1-(benzyloxy)allyl)-2,2-dimethyl-1,3-dioxolane",IR,"(thin film, vmax)
2891, 1642, 1369, 1243, 1217, 1213, 1164, 1076, 924 cm-1",C=C[C@H](OCc1ccccc1)[C@@H]1OC(C)(C)O[C@H]1[C@H](C=C)OCc1ccccc1,337,,,,
57,(6S)-6-methyl-5-oxotetrahydro-2H-pyran-2-yl acetate,1H NMR,"(500 MHz, CDCl3) δ 6.27 (t, J = 5.1 Hz, 1H, H32), 4.35 (q, J = 6.7 Hz, 1H, H36), 2.58 –
2.47 (m, 2H, H34), 2.44 – 2.38 (m, 1H, H33’), 2.13 – 2.05 ( m, 1H, H33”), 2.11 (s, 3H, Ac CH3),
1.30 (d, J = 6.7 Hz, 3H, H37)",CC(=O)OC1CCC(=O)[C@H](C)O1,304,,,,
58,(6S)-6-methyl-5-oxotetrahydro-2H-pyran-2-yl acetate,MS,"(ES+) calcd for C8H12O4Na [M+Na]+ 15.0628, found
195.0625",CC(=O)OC1CCC(=O)[C@H](C)O1,305,,,,
59,"(R)-2-ethyl-2-(3-((4-methoxybenzyl)oxy)-2-methylpropyl)-1,3-dithiane",1H NMR,"(400 MHz, CDCl3) δ 7.26 (d, J = 8.4 Hz, 2H, PMB Ar-H), 6.87 (d, J = 8.4 Hz, 2H, PMB
Ar-H), 4.44 (s, 2H, PMB Ar-CH2O-), 3.80 (s, 3H, PMB ArO-CH3), 3.34 (dd, J = 9.1, 5.7 Hz, 1H,
H10’), 3.27 (dd, J = 9.1, 6.2 Hz, 1H, H10”), 2.73 – 2.83 (m, 4H, -S-CH2-CH2-CH2-S-), 2.03 – 2.12
(m, 2H, H9, H8’), 1.87 – 2.00 (m, 4H, H6, -S-CH2-CH2-CH2-S-), 1.63 (dd, J = 15.6, 6.6 Hz, 1H,
H8”), 1.06 (d, J = 6.6 Hz, 3H, H29), 0.99 (t, J = 7.4 Hz, 3H, H28)",CCC1(C[C@@H](C)COCc2ccc(OC)cc2)SCCCS1,254,,,,
60,"(R)-2-ethyl-2-(3-((4-methoxybenzyl)oxy)-2-methylpropyl)-1,3-dithiane",MS,"(ES+) calcd for
C18H32O2S2N [M+NH4]+ 358.1860, found 358.1863",CCC1(C[C@@H](C)COCc2ccc(OC)cc2)SCCCS1,255,,,,
61,(R)-3-((4-methoxybenzyl)oxy)-2-methylpropan-1-ol,1H NMR,"(500 MHz, CDCl3) δ 7.24 (d, J = 8.6 Hz, 2H, PMB Ar-H), 6.88 (d, J= 8.7 Hz, 2H, PMB
Ar-H), 4.44 (s, 2H, PMB Ar-CH2O-), 3.80 (s, 3H, PMB O-CH3), 3.60 (dd, J= 10.8, 4.6 Hz, 1H,
H8’), 3.57 (dd, J= 10.8, 7.1 Hz, 1H, H8”), 3.51 (dd, J=9.1, 4.7 Hz, 1H, H10’), 3.89 (dd, J= 9.0, 8.1
Hz, 1H, H10”), 2.64 (br. s, 1H, C8-OH), 2.01-2.09 (m, 1H, H9), 0.87 (d, J= 7.1 Hz, 3H, H29)",COc1ccc(COC[C@H](C)CO)cc1,248,,,,
62,(R)-3-((4-methoxybenzyl)oxy)-2-methylpropan-1-ol,MS,"(ES+) calcd for C12H19O3 [M+NH4]+ 211.1329, found 211.1330",COc1ccc(COC[C@H](C)CO)cc1,249,,,,
63,"(R)-3-((4R,5R,6R)-6-(2-((tert-butyldimethylsilyl)oxy)ethyl)-2,2,5-trimethyl-1,3-dioxan-4-yl)-2-
methylpropan-1-ol",Rf,"(SiO2, 10% EtOAc:PE40-60) 0.2",C[C@@H](CO)C[C@H]1OC(C)(C)O[C@H](CCO[Si](C)(C)C(C)(C)C)[C@@H]1C,275,,,,
64,"(R)-3-((4R,5R,6R)-6-(2-((tert-butyldimethylsilyl)oxy)ethyl)-2,2,5-trimethyl-1,3-dioxan-4-yl)-2-
methylpropan-1-ol",1H NMR,"(500 MHz, CDCl3) δ 4.05 (ddd, J = 9.4, 5.2, 3.7 Hz,
1H, H5), 3.73 – 3.61 (m, 2H, H3), 3.58 – 3.51 (m, 1H, H10''), 3.44 – 3.34 (m, 1H, H10'), 3.29 (ddd,
J = 10.2, 8.1, 1.9 Hz, 1H, H7), 1.81 – 1.71 (m, 1H, H9), 1.57 – 1.53 (m, 5H, H6, H4, H8), 1.35 (s, 3H,
C(CH3)2), 1.33 (s, 3H, C(CH3)2), 0.94 (d, J = 6.9 Hz, 3H, H28), 0.89 (s, 9H, Si-C(CH3)3), 0.84 (d, J = 6.8 Hz, 3H, H29), 0.04 (s, 6H, Si-(CH3)2).",C[C@@H](CO)C[C@H]1OC(C)(C)O[C@H](CCO[Si](C)(C)C(C)(C)C)[C@@H]1C,276,,,,
65,"(R)-3-((4R,5R,6R)-6-(2-((tert-butyldimethylsilyl)oxy)ethyl)-2,2,5-trimethyl-1,3-dioxan-4-yl)-2-
methylpropan-1-ol",13C NMR,"(126 MHz, CDCl3) δ 100.97, 77.16, 74.50,
68.48, 65.57, 59.71, 40.93, 39.78, 34.71, 33.95, 26.10, 24.99, 23.90, 18.42, 18.15, 11.97, -5.18, -5.21",C[C@@H](CO)C[C@H]1OC(C)(C)O[C@H](CCO[Si](C)(C)C(C)(C)C)[C@@H]1C,277,,,,
66,"(R)-3-((4R,5R,6R)-6-(2-((tert-butyldimethylsilyl)oxy)ethyl)-2,2,5-trimethyl-1,3-dioxan-4-yl)-2-
methylpropan-1-ol",MS,"(ES+) calcd for C19H41O4Si [M+H]+ 361.2769, found 361.2774",C[C@@H](CO)C[C@H]1OC(C)(C)O[C@H](CCO[Si](C)(C)C(C)(C)C)[C@@H]1C,278,,,,
67,"(R)-3-((4R,5R,6R)-6-(2-((tert-butyldimethylsilyl)oxy)ethyl)-2,2,5-trimethyl-1,3-dioxan-4-yl)-2-
methylpropan-1-ol",IR,"(thin film) vmax 3438,
2987, 2955, 2906, 1514, 1502, 1305, 1219, 1182, 1094, 1053, 952, 934, 820 cm-1",C[C@@H](CO)C[C@H]1OC(C)(C)O[C@H](CCO[Si](C)(C)C(C)(C)C)[C@@H]1C,279,,,,
68,(R)-5-(benzyloxy)-2-methylpent-1-en-3-ol,1H NMR,"(500 MHz, CDCl3) δ 7.37 – 7.27 (m, 5H, Ar-H), 5.05 – 4.98 (m, 1H, H17’), 4.90 – 4.81
(m, 1H, H17”), 4.52 (s, 2H, -O-CH2-Ar), 4.26 (dd, J = 7.3, 4.3 Hz, 1H, H15), 3.70 (ddd, J = 9.4,
6.3, 5.0 Hz, 1H, H13’), 3.63 (ddd, J = 9.4, 7.0, 5.0 Hz, 1H, H13”), 1.86 (m, 2H, H14), 1.73 (s, 3H,
H30)",C=C(C)[C@H](O)CCOCc1ccccc1,316,,,,
69,(R)-5-(benzyloxy)-2-methylpent-1-en-3-ol,MS,"(ES+) calcd for C13H19O2 [M+H]+ 207.1380, found 207.1379",C=C(C)[C@H](O)CCOCc1ccccc1,317,,,,
70,(R)-5-(benzyloxy)-2-methylpent-1-en-3-ol,Rf,"(Chiralpak-IA, 2% i-PrOH:n-hex, 1 μL/min) Rt (major) = 12.2 min, Rt (major) = 13.1 min, er 97:3",C=C(C)[C@H](O)CCOCc1ccccc1,318,,,,
71,"(R)-5-(benzyloxy)-2-methylpent-1-en-3-yl (R)-3,3,3-trifluoro-2-methoxy-2-phenylpropanoate",1H NMR,"(500 MHz, CDCl3) δ 7.54 – 7.27 (m, 10H, Ar-H), 5.63 (dd, J = 8.5, 5.2 Hz, 1H, H15),
5.12 – 5.05 (m, 1H, H17'), 5.01 – 4.92 (m, 1H, H17''), 4.45 – 4.34 (m, 2H, -O-CH2-Ar), 3.51 (s, 3H,
MTPA O-CH3), 3.44 – 3.28 (m, 2H, H13), 2.07 – 1.95 (m, 2H, H14), 1.74 (s, 3H, H30)",C=C(C)[C@@H](CCOCc1ccccc1)OC(=O)[C@](OC)(c1ccccc1)C(F)(F)F,319,,,,
72,"(R)-5-(benzyloxy)-2-methylpent-1-en-3-yl (R)-3,3,3-trifluoro-2-methoxy-2-phenylpropanoate",MS,"(ES+) calcd for C23H29F3O4N [M+NH4]+ 440.2043, found 440.2034",C=C(C)[C@@H](CCOCc1ccccc1)OC(=O)[C@](OC)(c1ccccc1)C(F)(F)F,320,,,,
73,"(R)-5-(benzyloxy)-2-methylpent-1-en-3-yl (S)-3,3,3-trifluoro-2-methoxy-2-phenylpropanoate",1H NMR,"(500 MHz, CDCl3) δ 7.52 – 7.47 (m, 2H, Ar-H), 7.44 – 7.41 (m, 1H, Ar-H), 7.40 – 7.27
(m, 7H, Ar-H), 5.58 (dd, J = 8.3, 5.4 Hz, 1H, H15), 5.00 – 4.96 (m, 1H, H17'), 4.94 – 4.90 (m, 1H,
H17''), 4.47 (s, 2H, -O-CH2-Ar), 3.49 (s, 3H, MTPA O-CH3), 3.49 – 3.43 (m, 2H, H13), 2.08 –
1.92 (m, 2H, H14), 1.61 (s, 3H, H30)",C=C(C)[C@@H](CCOCc1ccccc1)OC(=O)[C@@](OC)(c1ccccc1)C(F)(F)F,321,,,,
74,"(R)-5-(benzyloxy)-2-methylpent-1-en-3-yl (S)-3,3,3-trifluoro-2-methoxy-2-phenylpropanoate",MS,"(ES+) calcd for C23H29F3O4N [M+NH4]+ 440.2043,
found 440.2033",C=C(C)[C@@H](CCOCc1ccccc1)OC(=O)[C@@](OC)(c1ccccc1)C(F)(F)F,322,,,,
75,(R)-6-((4-methoxybenzyl)oxy)-5-methylhexan-3-one,1H NMR,"(400 MHz, CDCl3) δ 7.23 (d, J = 8.7 Hz, 2H, PMB Ar-H), 6.87 (d, J = 8.6 Hz, 2H, PMB
Ar-H), 4.39 (s, 2H, PMB Ar-CH2O-), 3.80 (s, 3H, PMB Ar-CH3), 3.32 (dd, J = 9.2, 5.4 Hz, 1H,
H10’), 3.22 (dd, J = 9.2, 7.0 Hz, 1H, H10”), 2.56 (dd, J = 15.9, 5.7 Hz, 1H, H8’), 2.29-2.46 (m, 3H,
H9, H6), 2.22 (dd, J = 15.9, 7.6 Hz, 1H, H8”), 1.01 (t, J = 7.3 Hz, 3H, H28), 0.92 (d, J = 6.8 Hz,
3H, H29)",CCC(=O)C[C@@H](C)COCc1ccc(OC)cc1,256,,,,
76,(R)-6-((4-methoxybenzyl)oxy)-5-methylhexan-3-one,MS,"(ES+) calcd for C15H22O3Na [M+Na]+ 273.1461, found 273.1458",CCC(=O)C[C@@H](C)COCc1ccc(OC)cc1,257,,,,
77,(S)-1-((3-iodo-2-methylpropoxy)methyl)-4-methoxybenzene,1H NMR,"(400 MHz, CDCl3) δ 7.29 (d, J= 8.6 Hz, 2H, PMB Ar-H), 6.91 (d, J= 8.6 Hz, 2H, PMB
Ar-H), 4.48 (s, 2H, PMB Ar-CH2O-), 3.84 (s, 3H, PMB O-CH3), 3.27-3.41 (m, 4H, H8, H10), 1.79
(m, 1H, H9), 1.01 (d, J= 6.7 Hz, 3H, H29)",COc1ccc(COC[C@H](C)CI)cc1,250,0.04,1.0,1.0,1.0
78,(S)-1-((3-iodo-2-methylpropoxy)methyl)-4-methoxybenzene,MS,"(ES+) calcd for C12H21O2NI [M+NH4]+
338.0611, found 388.0612",COc1ccc(COC[C@H](C)CI)cc1,251,,,,
79,"(S)-1-((4S,5R,6R)-2,2,5-trimethyl-6-vinyl-1,3-dioxan-4-yl)ethyl benzoate",Rf,"(SiO2, 10% EtOAc:PE40-60) 0.4",C=C[C@H]1OC(C)(C)O[C@H]([C@H](C)OC(=O)c2ccccc2)[C@@H]1C,378,,,,
80,"(S)-1-((4S,5R,6R)-2,2,5-trimethyl-6-vinyl-1,3-dioxan-4-yl)ethyl benzoate",1H NMR,"(400 MHz, CDCl3) δ 8.07 – 7.97 (m, 2H, Ph-H), 7.59
– 7.51 (m, 1H, Ph-H), 7.44 (dd, J = 8.2, 7.0 Hz, 2H, Ph-H), 5.90 (ddd, J = 17.1, 10.4, 6.5 Hz, 1H,
H22), 5.27 (d, J = 17.2 Hz, 1H, H 21'), 5.24 – 5.20 (m, 1H, H26), 5.21 – 5.15 (m, 1H, H21''), 4.01 (dd, J = 9.0, 4.7 Hz, 1H, H25), 3.79 (ddt, J = 7.7, 6.6, 1.2 Hz, 1H, H23), 1.94 – 1.82 (m, 1H, H24),
1.39 (s, 3H, C(CH3)2), 1.35 (s, 2H, C(CH3)2), 1.33 (d, J = 6.3 Hz, 3H, H27), 1.00 (d, J = 6.7 Hz, 3H,
H31).",C=C[C@H]1OC(C)(C)O[C@H]([C@H](C)OC(=O)c2ccccc2)[C@@H]1C,379,,,,
81,"(S)-1-((4S,5R,6R)-2,2,5-trimethyl-6-vinyl-1,3-dioxan-4-yl)ethyl benzoate",13C NMR,"(126 MHz, CDCl3) δ 166.16, 137.31, 132.84, 130.96, 129.68, 128.40, 116.07, 101.42,
76.73, 71.59, 70.36, 37.91, 24.63, 24.11, 16.61, 11.39",C=C[C@H]1OC(C)(C)O[C@H]([C@H](C)OC(=O)c2ccccc2)[C@@H]1C,380,,,,
82,"(S)-1-((4S,5R,6R)-2,2,5-trimethyl-6-vinyl-1,3-dioxan-4-yl)ethyl benzoate",MS,"(ES+) calcd for C17H24O4Na [M+Na]+
327.1567, found 327.1567",C=C[C@H]1OC(C)(C)O[C@H]([C@H](C)OC(=O)c2ccccc2)[C@@H]1C,381,,,,
83,"(S)-1-((4S,5R,6R)-2,2,5-trimethyl-6-vinyl-1,3-dioxan-4-yl)ethyl benzoate",IR,"(thin film, vmax) 3327, 3112, 1735, 1729, 1633, 1415, 1233, 987, 950,
943, 939, 908, 880, 754 cm-1",C=C[C@H]1OC(C)(C)O[C@H]([C@H](C)OC(=O)c2ccccc2)[C@@H]1C,382,,,,
84,"(S)-1-((4S,5R,6S)-6-((R,E)-1-hydroxy-4-methoxy-4-oxobut-2-en-1-yl)-2,2,5-trimethyl-1,3-
dioxan-4-yl)ethyl benzoate",Rf,"(SiO2, 20% EtOAc:PE40-60) 0.4",COC(=O)/C=C/[C@@H](O)[C@H]1OC(C)(C)O[C@H]([C@H](C)OC(=O)c2ccccc2)[C@@H]1C,393,,,,
85,"(S)-1-((4S,5R,6S)-6-((R,E)-1-hydroxy-4-methoxy-4-oxobut-2-en-1-yl)-2,2,5-trimethyl-1,3-
dioxan-4-yl)ethyl benzoate",1H NMR,"(500 MHz, CDCl3) δ 8.11 – 8.01 (m, 2H, Ph-H), 7.62
– 7.53 (m, 1H, Ph-H), 7.52 – 7.42 (m, 2H, Ph-H), 6.98 (dd, J = 15.7, 4.5 Hz, 1H, H21), 6.23 (dd, J
= 15.7, 2.0 Hz, 1H, H20), 5.28 – 5.15 (m, 1H, H22), 4.55 – 4.47 (m, 1H, H26), 3.86 (dd, J = 9.2, 4.1
Hz, 1H, H25), 3.80 (s, 3H, H28), 3.53 (dd, J = 6.9, 3.2 Hz, 1H, H23), 2.48 (s, 1H, OH), 2.19 – 2.03
(m, 1H, H24), 1.37 (s, 3H, C(CH3)2), 1.36 (s, 3H, C(CH3)2), 1.33 (d, J = 6.4 Hz, 3H, H27), 0.97 (d,
J = 6.7 Hz, 3H, H31)",COC(=O)/C=C/[C@@H](O)[C@H]1OC(C)(C)O[C@H]([C@H](C)OC(=O)c2ccccc2)[C@@H]1C,394,,,,
86,"(S)-1-((4S,5R,6S)-6-((R,E)-1-hydroxy-4-methoxy-4-oxobut-2-en-1-yl)-2,2,5-trimethyl-1,3-
dioxan-4-yl)ethyl benzoate",13C NMR,"(126 MHz, CDCl3) δ 166.74, 166.09, 144.65, 132.86, 130.87,
129.65, 128.40, 122.17, 101.52, 77.56, 77.06, 72.36, 70.27, 51.86, 31.94, 24.73, 23.81, 16.38, 12.89",COC(=O)/C=C/[C@@H](O)[C@H]1OC(C)(C)O[C@H]([C@H](C)OC(=O)c2ccccc2)[C@@H]1C,395,,,,
87,"(S)-1-((4S,5R,6S)-6-((R,E)-1-hydroxy-4-methoxy-4-oxobut-2-en-1-yl)-2,2,5-trimethyl-1,3-
dioxan-4-yl)ethyl benzoate",IR,"(thin film, vmax) 2905, 1736, 1729, 1713, 1624, 1605, 1510, 1390, 1125, 970, 850 cm-1",COC(=O)/C=C/[C@@H](O)[C@H]1OC(C)(C)O[C@H]([C@H](C)OC(=O)c2ccccc2)[C@@H]1C,396,,,,
88,"(S)-1-((4S,5R,6S)-6-((R,E)-1-hydroxy-4-methoxy-4-oxobut-2-en-1-yl)-2,2,5-trimethyl-1,3-
dioxan-4-yl)ethyl benzoate",MS,"(ES+) calcd for C21H29O7 [M+H]+ 393.1908, found 393.1900",COC(=O)/C=C/[C@@H](O)[C@H]1OC(C)(C)O[C@H]([C@H](C)OC(=O)c2ccccc2)[C@@H]1C,397,,,,
89,"(S)-1-((4S,5S,6S)-6-((R,E)-1,4-dimethoxy-4-oxobut-2-en-1-yl)-2,2,5-trimethyl-1,3-dioxan-4-
yl)ethyl benzoate",Rf,"(SiO2, 20% EtOAc:PE40-60) 0.35",COC(=O)/C=C/[C@@H](OC)[C@H]1OC(C)(C)O[C@H]([C@H](C)OC(=O)c2ccccc2)[C@@H]1C,402,,,,
90,"(S)-1-((4S,5S,6S)-6-((R,E)-1,4-dimethoxy-4-oxobut-2-en-1-yl)-2,2,5-trimethyl-1,3-dioxan-4-
yl)ethyl benzoate",1H NMR,"(500 MHz, CDCl3) δ 8.05 (dt, J = 8.4, 1.3 Hz, 2H,
Ar-H), 7.60 – 7.52 (m, 1H, Ar-H), 7.49 – 7.41 (m, 2H, Ar-H), 6.94 (dd, J = 15.8, 6.3 Hz, 1H, H21),
6.10 (dd, J = 15.8, 1.3 Hz, 1H, H20), 5.20 (ddd, J = 9.1, 6.3, 2.5 Hz, 1H, H26), 3.92 (dd, J = 9.2, 4.1
Hz, 1H, H25), 3.82 – 3.78 (m, 4H, H22, O-CH3), 3.53 – 3.45 (m, 1H, H23), 3.41 (s, 3H, O-CH3),
2.04 – 1.93 (m, 1H, H24), 1.39 – 1.28 (m, 9H, H27, C(CH3)2), 1.02 (d, J = 6.7 Hz, 3H, H31)",COC(=O)/C=C/[C@@H](OC)[C@H]1OC(C)(C)O[C@H]([C@H](C)OC(=O)c2ccccc2)[C@@H]1C,403,,,,
91,"(S)-1-((4S,5S,6S)-6-((R,E)-1,4-dimethoxy-4-oxobut-2-en-1-yl)-2,2,5-trimethyl-1,3-dioxan-4-
yl)ethyl benzoate",13C NMR,"(126 MHz, CDCl3) δ 166.58, 166.15, 144.91, 132.83, 130.96, 129.68, 128.40, 123.54, 101.39,
82.66, 71.93, 70.40, 58.18, 58.16, 51.86, 34.23, 25.03, 23.53, 16.41, 12.85",COC(=O)/C=C/[C@@H](OC)[C@H]1OC(C)(C)O[C@H]([C@H](C)OC(=O)c2ccccc2)[C@@H]1C,404,,,,
92,"(S)-1-((4S,5S,6S)-6-((R,E)-1,4-dimethoxy-4-oxobut-2-en-1-yl)-2,2,5-trimethyl-1,3-dioxan-4-
yl)ethyl benzoate",IR,"(thin film, vmax) 3000, 2905, 1732, 1709, 1626,
1600, 1510, 1405, 1391, 1125, 970, 850, 733, 640 cm-1",COC(=O)/C=C/[C@@H](OC)[C@H]1OC(C)(C)O[C@H]([C@H](C)OC(=O)c2ccccc2)[C@@H]1C,405,,,,
93,"(S)-1-((4S,5S,6S)-6-((R,E)-1,4-dimethoxy-4-oxobut-2-en-1-yl)-2,2,5-trimethyl-1,3-dioxan-4-
yl)ethyl benzoate",MS,"(ES+) calcd for
C22H31O7 [M+H]+ 407.2064, found 407.2064",COC(=O)/C=C/[C@@H](OC)[C@H]1OC(C)(C)O[C@H]([C@H](C)OC(=O)c2ccccc2)[C@@H]1C,406,,,,
94,"(S)-1-((4S,5S,6S)-6-((R,E)-4-methoxy-4-oxo-1-(((R)-3,3,3-trifluoro-2-methoxy-2-
phenylpropanoyl)oxy)but-2-en-1-yl)-2,2,5-trimethyl-1,3-dioxan-4-yl)ethyl benzoate",1H NMR,"(500 MHz, CDCl3) δ 8.03 (dd, J = 8.3, 1.5 Hz, 2H, Ar-H), 7.67 – 7.61 (m, 1H, Ar-H),
7.60 – 7.52 (m, 2H, Ar-H), 7.51 – 7.41 (m, 5H, Ar-H).6.91 (dd, J = 15.8, 5.0 Hz, 1H, H21), 5.98
(dd, J = 15.8, 1.7 Hz, 1H, H20), 5.82 (ddd, J = 5.0, 3.1, 1.8 Hz, 1H, H22), 5.20 – 5.10 (m, 1H, H26),
3.82 (dd, J = 9.3, 4.0 Hz, 1H, H25), 3.77 (s, 3H, O-CH3), 3.63 (dd, J = 6.8, 3.0 Hz, 1H, H23), 3.59
(s, 3H, MTPA O-CH3), 2.09 – 2.03 (m, 1H, H24), 1.35 (s, 3H, C(CH3)2), 1.32 (s, 3H, C(CH3)2),
1.23 (d, J = 6.4 Hz, 3H, H27), 0.95 (d, J = 6.8 Hz, 3H, H31)",COC(=O)/C=C/[C@@H](OC(=O)[C@](OC)(c1ccccc1)C(F)(F)F)[C@H]1OC(C)(C)O[C@H]([C@H](C)OC(=O)c2ccccc2)[C@@H]1C,398,,,,
95,"(S)-1-((4S,5S,6S)-6-((R,E)-4-methoxy-4-oxo-1-(((R)-3,3,3-trifluoro-2-methoxy-2-
phenylpropanoyl)oxy)but-2-en-1-yl)-2,2,5-trimethyl-1,3-dioxan-4-yl)ethyl benzoate",MS,"(ES+) calcd for C31H36F3O9
[M+H]+ 609.2306, found 609.2307",COC(=O)/C=C/[C@@H](OC(=O)[C@](OC)(c1ccccc1)C(F)(F)F)[C@H]1OC(C)(C)O[C@H]([C@H](C)OC(=O)c2ccccc2)[C@@H]1C,399,,,,
96,"(S)-1-((4S,5S,6S)-6-((R,E)-4-methoxy-4-oxo-1-(((S)-3,3,3-trifluoro-2-methoxy-2-
phenylpropanoyl)oxy)but-2-en-1-yl)-2,2,5-trimethyl-1,3-dioxan-4-yl)ethyl benzoate",1H NMR,"(500 MHz, CDCl3) δ 8.09 – 7.90 (m, 2H, Ar-H), 7.60 – 7.50 (m, 8H, Ar-H), 6.93 (dd, J
= 15.8, 5.9 Hz, 1H, H21), 6.07 (dd, J = 15.8, 1.5 Hz, 1H, H20), 5.79 – 5.75 (m, 1H, H22), 5.10 (dq,
J = 9.4, 6.5 Hz, 1H, H26), 3.78 (s, 3H, OCH3), 3.77 – 3.74 (m, 1H, H25), 3.57 (s, 3H, MTPAOCH3),
3.55 – 3.49 (m, 1H, H23), 1.90 – 1.80 (m, 1H, H24), 1.27 (s, 3H, C(CH3)2), 1.21 (s, 3H,
C(CH3)2), 1.19 (d, J = 6.4 Hz, 3H, H27), 0.86 (d, J = 6.9 Hz, 3H, H31)",COC(=O)/C=C/[C@@H](OC(=O)[C@@](OC)(c1ccccc1)C(F)(F)F)[C@H]1OC(C)(C)O[C@H]([C@H](C)OC(=O)c2ccccc2)[C@@H]1C,400,,,,
97,"(S)-1-((4S,5S,6S)-6-((R,E)-4-methoxy-4-oxo-1-(((S)-3,3,3-trifluoro-2-methoxy-2-
phenylpropanoyl)oxy)but-2-en-1-yl)-2,2,5-trimethyl-1,3-dioxan-4-yl)ethyl benzoate",MS,"(ES+) calcd for
C31H36F3O9 [M+H]+ 609.2306, found 609.2303",COC(=O)/C=C/[C@@H](OC(=O)[C@@](OC)(c1ccccc1)C(F)(F)F)[C@H]1OC(C)(C)O[C@H]([C@H](C)OC(=O)c2ccccc2)[C@@H]1C,401,,,,
98,"(S)-1-((4S,5S,6S)-6-formyl-2,2,5-trimethyl-1,3-dioxan-4-yl)ethyl benzoate",1H NMR,"(500 MHz, CDCl3) δ 9.86 – 9.81 (m, 1H, CHO), 8.07 – 7.99 (m, 2H, Ar-H), 7.73 – 7.65
(m, 1H, Ar-H), 7.61 – 7.51 (m, 2H, Ar-H), 5.27 – 5.18 (m, 1H, H26), 3.96 – 3.90 (m, 1H), 3.89 –
3.85 (m, 1H), 3.79 – 3.74 (m, 1H), 2.33 – 2.25 (m, 1H), 1.43 – 1.38 (m, 6H, C(CH3)2), 1.36 – 1.31 (m,
3H, H27), 1.20 – 1.14 (m, 3H, H31)",C[C@H]1[C@@H]([C@H](C)OC(=O)c2ccccc2)OC(C)(C)O[C@@H]1C=O,392,,,,
99,(S)-2-(benzyloxy)but-3-enal,1H NMR,"(400 MHz, CDCl3) δ 10.02 (s, 1H, CHO), 7.43 – 7.11 (m, 5H, Ar-H), 6.16 (ddd, J = 16.5,
10.3, 6.2 Hz, 1H, H21), 5.32 – 5.06 (m, 2H, H20), 4.90 (d, J = 6.3 Hz, 1H, H22), 4.47 (d, J = 11.8
Hz, 1H, Ar-O-CH2’), 4.07 (d, J = 11.8 Hz, 1H, Ar-O-CH2”)",C=C[C@@H](C=O)OCc1ccccc1,343,0.12,1.0,1.0,1.0
100,(S)-2-(benzyloxy)but-3-enal,MS,"(ES+) calcd for C11H12O2
[M+H]+ 177.0910, found 177.0919",C=C[C@@H](C=O)OCc1ccccc1,344,,,,
101,(S)-3-oxopentan-2-yl benzoate,1H NMR,"(500 MHz, CDCl3) δ 8.12 – 8.03 (m, 2H, Ph-H), 7.63 – 7.56 (m, 1H, Ph-H), 7.51 – 7.41
(m, 2H, Ph-H), 5.36 (q, J = 7.0 Hz, 1H, H26), 2.66 (dq, J = 18.3, 7.3 Hz, 1H, H24''), 2.53 (dq, J =
18.3, 7.3 Hz, 1H, H24'), 1.53 (d, J = 7.1 Hz, 3H, H27), 1.10 (t, J = 7.3 Hz, 3H, H31)",CCC(=O)[C@H](C)OC(=O)c1ccccc1,365,,,,
102,(S)-3-oxopentan-2-yl benzoate,MS,"(ES+)
calcd for C12H15O3 [M+H]+ 207.1016, found 207.1014",CCC(=O)[C@H](C)OC(=O)c1ccccc1,366,,,,
103,"2-((4R,5R,6R)-2,2,5-trimethyl-6-((R)-2-methylbut-3-en-1-yl)-1,3-dioxan-4-yl)ethan-1-ol",Rf,"(SiO2, 20% EtOAc:PE40-60) 0.30",C=C[C@H](C)C[C@H]1OC(C)(C)O[C@H](CCO)[C@@H]1C,285,,,,
104,"2-((4R,5R,6R)-2,2,5-trimethyl-6-((R)-2-methylbut-3-en-1-yl)-1,3-dioxan-4-yl)ethan-1-ol",1H NMR,"(500 MHz, CDCl3) δ 5.82 (ddd, J = 17.2, 10.4, 6.8
Hz, 1H, H10), 5.00 (dt, J = 17.3, 1.6 Hz, 1H, H11'), 4.93 (dt, J = 10.4, 1.5 Hz, 1H, H11''), 4.12 (ddd,
J = 10.9, 5.1, 2.7 Hz, 1H, H5), 3.84 – 3.64 (m, 2H, H3), 3.35 (ddd, J = 9.9, 7.9, 2.8 Hz, 1H, H7),
2.51 – 2.44 (m, 1H, H9), 2.43 – 2.33 (m, 1H, H6), 1.81 (dddd, J = 14.5, 10.9, 7.7, 4.9 Hz, 1H, H4'),
1.70 – 1.57 (m, 2H, H8), 1.53 (dddd, J = 14.5, 5.5, 4.1, 2.7 Hz, 1H, H4''), 1.40 (s, 3H, C(CH3)2), 1.36
(s, 3H, C(CH3)2), 1.01 (d, J = 6.8 Hz, 3H, H29), 0.87 (d, J = 6.9 Hz, 3H, H28)",C=C[C@H](C)C[C@H]1OC(C)(C)O[C@H](CCO)[C@@H]1C,286,,,,
105,"2-((4R,5R,6R)-2,2,5-trimethyl-6-((R)-2-methylbut-3-en-1-yl)-1,3-dioxan-4-yl)ethan-1-ol",13C NMR,"(125
MHz, CDCl3) δ 144.98, 112.16, 100.81, 72.50, 69.75, 62.20, 41.49, 40.78, 33.68, 32.86, 25.28,
24.01, 18.76, 12.05",C=C[C@H](C)C[C@H]1OC(C)(C)O[C@H](CCO)[C@@H]1C,287,,,,
106,"2-((4R,5R,6R)-2,2,5-trimethyl-6-((R)-2-methylbut-3-en-1-yl)-1,3-dioxan-4-yl)ethan-1-ol",MS,"(ES+) calcd for C14H30O3N [M+NH4]+ 260.2220, found 260.2216",C=C[C@H](C)C[C@H]1OC(C)(C)O[C@H](CCO)[C@@H]1C,288,,,,
107,"2-((4R,5R,6R)-2,2,5-trimethyl-6-((R)-2-methylbut-3-en-1-yl)-1,3-dioxan-4-yl)ethan-1-ol",IR,"(thin film) vmax 3360, 3335, 2950, 2887, 1642, 1633, 1271, 1135, 1075, 989, 918, 840, 678, 669, 625
cm-1",C=C[C@H](C)C[C@H]1OC(C)(C)O[C@H](CCO)[C@@H]1C,289,,,,
108,2-(dimethoxyphosphoryl)acetic acid,1H NMR,"(500 MHz, CDCl3) δ 10.55 (br s, 1H, OH), 3.80 (d, 3JP-H = 11.6 Hz, 6H, O-CH3), 3.00
(d, 2JP-H = 21.8 Hz, 2H, H2)",COP(=O)(CC(=O)O)OC,290,0.05,1.0,1.0,1.0
109,2-(dimethoxyphosphoryl)acetic acid,MS,"(ES+) calcd for C4H10PO5 [M+H]+ 169.0260, found
169.0256",COP(=O)(CC(=O)O)OC,291,,,,
110,"2-ethyl-1,3-dithiane",1H NMR,"(500 MHz, CDCl3) δ 3.99 (t, J = 6.8 Hz, 1H, C5-H), 2.80-2.91 (m, 4H, -S-CH2-CH2-
CH2-S-), 2.08-2.15 (m, 1H, -S-CH2-CH2’-CH2-S-), 1.82-1.90 (m, 1H, -S-CH2-CH2”-CH2-S-), 1.79
(quin, J = 6.8 Hz, 2H, H6), 1.08 (t, J = 7.5 Hz, 3H, H28)",CCC1SCCCS1,252,,,,
111,"2-ethyl-1,3-dithiane",MS,"(ES+) calcd for C6H13Ss [M+H]+
149.0453, found 149.0450",CCC1SCCCS1,253,,,,
112,3-((tert-butyldimethylsilyl)oxy)propan-1-ol,1H NMR,"(400 MHz, CDCl3) δ 3.91 – 3.72 (m, 4H, H5, H3), 2.60 (t, J = 5.4 Hz, 1H, OH), 1.78 (p,
J = 5.5 Hz, 2H, H4), 0.90 (s, 9H, Si-C(CH3)3), 0.08 (s, 6H, Si-(CH3)2)",CC(C)(C)[Si](C)(C)OCCCO,258,,,,
113,3-((tert-butyldimethylsilyl)oxy)propan-1-ol,MS,"(ES+) calcd for
C9H23SiO2 [M+H]+ 191.1462, found 191.1460",CC(C)(C)[Si](C)(C)OCCCO,259,,,,
114,3-((tert-butyldimethylsilyl)oxy)propanal,1H NMR,"(400 MHz, CDCl3) δ 9.78 (t, J = 2.0 Hz, 1H, H5), 3.96 (t, J = 6.0 Hz, 2H, H3), 2.58 (td,
J= 6.0, 2.1 Hz, 2H, H4), 0.86 (s, 9H, Si-C(CH3)3), 0.05 (s, 6H, Si-(CH3)2)",CC(C)(C)[Si](C)(C)OCCC=O,260,,,,
115,3-((tert-butyldimethylsilyl)oxy)propanal,MS,"(ES+) calcd
for C9H21SiO2 [M+H]+ 189.1305, found 189.1307",CC(C)(C)[Si](C)(C)OCCC=O,261,,,,
116,"4-Methoxylbenzyl-2,2,2-trichloroacetimidate (PMB-TCA)",1H NMR,"(500 MHz, CDCl3): δ 8.35 (br s, 1H, NH), 7.35 (d, J = 8.7 Hz, 2H, Ar-H), 6.93 (d, J =
8.7 Hz, 2H, Ar-H), 5.25 (s, 2H, Ar-CH2-O), 3.80 (s, 3H, Ar-OCH3)",,246,0.03,1.0,1.0,1.0
117,5-(benzyloxy)-2-methylpent-1-en-3-one,Rf,"(SiO2, 30% EtOAc:PE40-60) 0.6",C=C(C)C(=O)CCOCc1ccccc1,311,,,,
118,5-(benzyloxy)-2-methylpent-1-en-3-one,1H NMR,"(500 MHz, CDCl3) δ 7.39 – 7.28 (m, 5H, Ar-H), 6.01
(s, 1H, H17’), 5.83 (s, 1H, H17”), 4.56 (s, 2H, -O-CH2-Ar), 3.83 (t, J = 6.5 Hz, 2H, H13), 3.04 (t, J
= 6.5 Hz, 2H, H14), 1.91 (s, 3H, H30)",C=C(C)C(=O)CCOCc1ccccc1,312,,,,
119,5-(benzyloxy)-2-methylpent-1-en-3-one,13C NMR,"(126 MHz, CDCl3) δ 200.05, 144.76, 138.34,
128.51, 127.83, 125.29, 73.42, 65.92, 37.92, 17.61",C=C(C)C(=O)CCOCc1ccccc1,313,0.1,1.0,1.0,1.0
120,5-(benzyloxy)-2-methylpent-1-en-3-one,MS,"(ES+) calcd for C13H17O2 [M+H]+
205.1223, found 205.1221",C=C(C)C(=O)CCOCc1ccccc1,314,,,,
121,5-(benzyloxy)-2-methylpent-1-en-3-one,IR,"(thin film, vmax) 3540, 2933, 1700, 1453, 1365, 1274, 1204, 1099,
1073, 1004, 743",C=C(C)C(=O)CCOCc1ccccc1,315,,,,
122,"Benzyl-2,2,2-trichloroacetimidate (Bn-TCA)",1H NMR,"(500 MHz, CDCl3): δ 8.39 (br s, 1H, NH), 7.45 – 7.20 (m, 5H, ArH), 5.32 (s, 2H, Ar-
CH2-O)",,247,0.0,1.0,1.0,1.0
123,"Dimethyl (4R,5R)-2,2-dimethyl-1,3-dioxolane-4,5-dicarboxylate",1H NMR,"(500 MHz, CDCl3) δ 4.77 (s, 2H, CH), 3.78 (s, 6H, O-CH3), 1.45 (s, 6H, C(CH3)2)",COC(=O)[C@@H]1OC(C)(C)O[C@H]1C(=O)OC,323,,,,
124,"Dimethyl (4R,5R)-2,2-dimethyl-1,3-dioxolane-4,5-dicarboxylate",13C NMR,"(125 MHz, CDCl3) δ 170.11, 113.90, 77.04, 52.86, 26.35",COC(=O)[C@@H]1OC(C)(C)O[C@H]1C(=O)OC,324,0.06,1.0,1.0,1.0
125,"Dimethyl (4R,5R)-2,2-dimethyl-1,3-dioxolane-4,5-dicarboxylate",MS,"(ES+) calcd for C9H14O6Na
[M+Na]+ 241.0683, found 241.0684",COC(=O)[C@@H]1OC(C)(C)O[C@H]1C(=O)OC,325,,,,
126,Methyl (E)-3-iodoacrylate,1H NMR,"(500 MHz, CDCl3) δ 7.91 (d, J = 14.8 Hz, 1H, H21), 6.86 (d, J = 14.8 Hz, 1H, H20), 3.72
(s, 3H, O-CH3)",COC(=O)/C=C/I,390,0.0,1.0,1.0,1.0
127,Methyl (E)-3-iodoacrylate,MS,"(ES+) calcd for C4H6IO2 [M+H]+ 212.9412, found 212.9416",COC(=O)/C=C/I,391,,,,
128,"S-(4-methylphenyl) ((2R,4R,5R,6R)-5-methyl-6-((2R)-2-methylbut-3-en-1-yl)-4-(((2R,6S)-6-
methyl-5-oxooxan-2-yl)oxy)oxan-2-yl)ethanethioate",Rf,"(SiO2, 40% EtOAc:PE40-60) 0.5",C=C[C@H](C)C[C@H]1O[C@@H](CC(=O)Sc2ccc(C)cc2)C[C@@H](O[C@H]2CCC(=O)[C@H](C)O2)[C@@H]1C,306,,,,
129,"S-(4-methylphenyl) ((2R,4R,5R,6R)-5-methyl-6-((2R)-2-methylbut-3-en-1-yl)-4-(((2R,6S)-6-
methyl-5-oxooxan-2-yl)oxy)oxan-2-yl)ethanethioate",1H NMR,"(500 MHz, CDCl3)* δ 7.25 (d, J = 7.2 Hz, 2H, Ar-H),
7.20 (d, J = 8.1 Hz, 2H, Ar-H), 5.80 (ddd, J = 17.2, 10.4, 6.8 Hz, 1H, H10), 5.14 (t, J = 5.4 Hz, 1H,
H32), 4.97 (dd, J = 17.3, 1.6 Hz, 1H, H11'), 4.88 (dd, J = 10.4, 1.5 Hz, 1H, H11''), 4.27 (q, J = 6.7
Hz, 1H, H36), 3.86 – 3.78 (m, 1H, H3), 3.52 (td, J = 10.6, 4.6 Hz, 1H, H5), 3.08 (td, J = 9.9, 2.9
Hz, 1H, H7), 2.92 (dd, J = 14.6, 8.3 Hz, 1H, H2''), 2.67 (dd, J = 14.6, 4.7 Hz, 1H, H2'), 2.56 – 2.47
(m, 1H, H9), 2.49 – 2.41 (m, 2H, H34), 2.35 (s, 3H, Ar-CH3), 2.30 – 2.23 (m, 1H, H33'), 2.14 (ddd,
J = 12.1, 4.5, 1.9 Hz, 1H, H4''), 1.93 (ddt, J = 14.8, 9.5, 5.6 Hz, 1H, H33''), 1.54 – 1.50 (m, 1H, H8'), 1.46 (dd, J = 10.3, 3.0 Hz, 1H, H8''), 1.37 (ddq, J = 9.8, 6.4, 3.4 Hz, 1H, H6), 1.26 (d, J = 6.8 Hz,
3H, H37), 1.24 – 1.22 (m, 1H, 4') (s, 1H, H4'), 0.94 (d, J = 6.7 Hz, 3H, H29), 0.91 (d, J = 6.5 Hz,
3H, H28)",C=C[C@H](C)C[C@H]1O[C@@H](CC(=O)Sc2ccc(C)cc2)C[C@@H](O[C@H]2CCC(=O)[C@H](C)O2)[C@@H]1C,307,,,,
130,"S-(4-methylphenyl) ((2R,4R,5R,6R)-5-methyl-6-((2R)-2-methylbut-3-en-1-yl)-4-(((2R,6S)-6-
methyl-5-oxooxan-2-yl)oxy)oxan-2-yl)ethanethioate",13C NMR,"(126 MHz, CDCl3) δ 211.24 (C35), 195.78 (C1), 145.44 (C10), 140.00, 134.62,
130.29, 124.35, 112.00 (C11), 92.59 (C32), 78.87 (C7), 77.44, 77.23, 76.04 (C5), 72.44 (C3), 71.34
(C36), 49.92 (C2), 42.13 (C6), 39.98 (C8), 36.38 (C4), 33.84 (C34), 33.32 (C9), 28.85 (C33), 21.57,
18.44 (C29), 15.09 (C37), 13.31 (C28)",C=C[C@H](C)C[C@H]1O[C@@H](CC(=O)Sc2ccc(C)cc2)C[C@@H](O[C@H]2CCC(=O)[C@H](C)O2)[C@@H]1C,308,,,,
131,"S-(4-methylphenyl) ((2R,4R,5R,6R)-5-methyl-6-((2R)-2-methylbut-3-en-1-yl)-4-(((2R,6S)-6-
methyl-5-oxooxan-2-yl)oxy)oxan-2-yl)ethanethioate",MS,"(ASAP, +) calcd for C26H37O5S [M+H]+ 461.2356,
found 461.2349 also C26H40O5SN [M+NH4]+ 478.2622, found 478.2614",C=C[C@H](C)C[C@H]1O[C@@H](CC(=O)Sc2ccc(C)cc2)C[C@@H](O[C@H]2CCC(=O)[C@H](C)O2)[C@@H]1C,309,,,,
132,"S-(4-methylphenyl) ((2R,4R,5R,6R)-5-methyl-6-((2R)-2-methylbut-3-en-1-yl)-4-(((2R,6S)-6-
methyl-5-oxooxan-2-yl)oxy)oxan-2-yl)ethanethioate",IR,"(thin film) vmax 3011,
2953, 2889, 2850, 1730, 1708, 1483, 1451, 1449, 1390, 1324, 1221, 1139, 1123, 1109, 1100, 1072, 1053,
724, 630, 625 cm-1",C=C[C@H](C)C[C@H]1O[C@@H](CC(=O)Sc2ccc(C)cc2)C[C@@H](O[C@H]2CCC(=O)[C@H](C)O2)[C@@H]1C,310,,,,
133,"S-(p-tolyl)-(E)-4-((4R,5S,6R)-2,2,5-trimethyl-6-((R)-2-methylbut-3-en-1-yl)-1,3-dioxan-4-
yl)but-2-enethioate",Rf,"(SiO2, 20% EtOAc:PE40-60) 0.10",C=C[C@H](C)C[C@H]1OC(C)(C)O[C@H](C/C=C/C([O-])=[SH]c2ccc(C)cc2)[C@@H]1C,294,,,,
134,"S-(p-tolyl)-(E)-4-((4R,5S,6R)-2,2,5-trimethyl-6-((R)-2-methylbut-3-en-1-yl)-1,3-dioxan-4-
yl)but-2-enethioate",1H NMR,"(400 MHz, CDCl3) δ 7.33 (d, J = 8.1 Hz, 2H, Ar-
H), 7.23 (d, J = 7.9 Hz, 2H, Ar-H), 6.95 (ddd, J = 15.6, 7.5, 6.4 Hz, 1H, H3), 6.30 – 6.20 (m, 1H,
H2), 5.81 (ddd, J = 17.2, 10.4, 6.8 Hz, 1H, H10), 4.99 (dd, J = 17.3, 1.6 Hz, 1H, H11'), 4.93 – 4.76
(m, 1H, H11''), 3.99 (dt, J = 9.5, 5.0 Hz, 1H, H5), 3.44 – 3.25 (m, 1H, H7), 2.39 – 2.35 (m, 1H, H9),
2.38 (s, 3H, Ar-CH3), 2.30 – 2.19 (m, 1H, H6), 1.71 – 1.59 (m, 2H, H4), 1.35 – 1.29 (m, 8H, H8,
C(CH3)2), 1.00 (d, J = 6.7 Hz, 3H, H29), 0.86 (d, J = 6.8 Hz, 3H, H28)",C=C[C@H](C)C[C@H]1OC(C)(C)O[C@H](C/C=C/C([O-])=[SH]c2ccc(C)cc2)[C@@H]1C,295,,,,
135,"S-(p-tolyl)-(E)-4-((4R,5S,6R)-2,2,5-trimethyl-6-((R)-2-methylbut-3-en-1-yl)-1,3-dioxan-4-
yl)but-2-enethioate",13C NMR,"(126 MHz,
CDCl3) δ 189.15, 144.95, 141.00, 139.01, 134.52, 133.83, 130.15, 125.48, 113.05, 100.78, 71.80, 71.59,
40.93, 37.76, 36.54, 35.92, 25.46, 24.19, 18.97, 12.07",C=C[C@H](C)C[C@H]1OC(C)(C)O[C@H](C/C=C/C([O-])=[SH]c2ccc(C)cc2)[C@@H]1C,296,,,,
136,"S-(p-tolyl)-(E)-4-((4R,5S,6R)-2,2,5-trimethyl-6-((R)-2-methylbut-3-en-1-yl)-1,3-dioxan-4-
yl)but-2-enethioate",MS,"(ES+) calcd for C23H33O3S [M+H]+
389.2145, found 389.2142",C=C[C@H](C)C[C@H]1OC(C)(C)O[C@H](C/C=C/C([O-])=[SH]c2ccc(C)cc2)[C@@H]1C,297,,,,
137,"S-(p-tolyl)-(E)-4-((4R,5S,6R)-2,2,5-trimethyl-6-((R)-2-methylbut-3-en-1-yl)-1,3-dioxan-4-
yl)but-2-enethioate",IR,"(thin film) vmax 3021, 2950, 2887, 1945, 1854, 1730, 1690, 1649,
1631. 1623, 1271, 1195, 1135, 1075, 989, 918, 840, 678, 669, 625 cm-1",C=C[C@H](C)C[C@H]1OC(C)(C)O[C@H](C/C=C/C([O-])=[SH]c2ccc(C)cc2)[C@@H]1C,298,,,,
138,"S-(p-tolyl)-2-((2R,4R,5S,6R)-4-hydroxy-5-methyl-6-((R)-2-methylbut-3-en-1-yl)tetrahydro-
2H-pyran-2-yl)ethanethioate",Rf,"(SiO2, 10% Me2CO:PhMe + 0.1% HCOOH) 0.40.",C=C[C@H](C)C[C@H]1O[C@@H](CC([O-])=[SH]c2ccc(C)cc2)C[C@@H](O)[C@@H]1C,299,,,,
139,"S-(p-tolyl)-2-((2R,4R,5S,6R)-4-hydroxy-5-methyl-6-((R)-2-methylbut-3-en-1-yl)tetrahydro-
2H-pyran-2-yl)ethanethioate",1H NMR,"(500 MHz, CDCl3) δ 7.29 (d, J =
7.2 Hz, 2H, Ar-H), 7.24 (d, J = 8.1 Hz, 2H, Ar-H), 5.85 (ddd, J = 17.2, 10.4, 6.7 Hz, 1H, H10), 5.01
(dd, J = 17.3, 1.6 Hz, 1H, H11'), 4.92 (dd, J = 10.4, 1.5 Hz, 1H, H11''), 3.88 (dddd, J = 15.7, 13.9, 6.9,
4.3 Hz, 1H, H3), 3.44 – 3.35 (m, 1H, H5), 3.07 (td, J = 9.9, 2.9 Hz, 1H, H7), 2.94 (dd, J = 14.6, 8.6
Hz, 1H, H2''), 2.70 (dd, J = 14.6, 4.5 Hz, 1H, H2'), 2.60 – 2.50 (m, 1H, H9), 2.40 (s, 3H, Ar-CH3),
2.11 – 1.97 (m, 1H, H6), 1.64 – 1.43 (m, 2H, H4), 1.41 – 1.31 (m, 2H, H8), 0.98 (m, 6H, H29, H28)",C=C[C@H](C)C[C@H]1O[C@@H](CC([O-])=[SH]c2ccc(C)cc2)C[C@@H](O)[C@@H]1C,300,,,,
140,"S-(p-tolyl)-2-((2R,4R,5S,6R)-4-hydroxy-5-methyl-6-((R)-2-methylbut-3-en-1-yl)tetrahydro-
2H-pyran-2-yl)ethanethioate",13C NMR,"(126 MHz, CDCl3) δ 195.65, 145.24, 139.72, 134.60, 134.39, 130.04, 124.19, 111.73, 78.43,
73.35, 72.36, 44.27, 40.65, 39.64, 33.12, 21.35, 18.20, 12.78",C=C[C@H](C)C[C@H]1O[C@@H](CC([O-])=[SH]c2ccc(C)cc2)C[C@@H](O)[C@@H]1C,301,,,,
141,"S-(p-tolyl)-2-((2R,4R,5S,6R)-4-hydroxy-5-methyl-6-((R)-2-methylbut-3-en-1-yl)tetrahydro-
2H-pyran-2-yl)ethanethioate",MS,"(ES+) calcd for C20H28O3SNa
[M+Na]+ 371.1561, found 371.1558",C=C[C@H](C)C[C@H]1O[C@@H](CC([O-])=[SH]c2ccc(C)cc2)C[C@@H](O)[C@@H]1C,302,,,,
142,"S-(p-tolyl)-2-((2R,4R,5S,6R)-4-hydroxy-5-methyl-6-((R)-2-methylbut-3-en-1-yl)tetrahydro-
2H-pyran-2-yl)ethanethioate",IR,"(thin film) vmax 3411, , 2980, 2957, 2930, 2901, 2869, 2848,
1853, 1703, 1622, 1514, 1464, 1303, 1247, 1173, 1058, 1022, 1014, 975, 809, 743 cm-1",C=C[C@H](C)C[C@H]1O[C@@H](CC([O-])=[SH]c2ccc(C)cc2)C[C@@H](O)[C@@H]1C,303,,,,
143,S-(p-tolyl)-2-(dimethoxyphosphoryl)ethanethioate,1H NMR,"(500 MHz, CDCl3) δ 7.30 (d, J = 8.2 Hz, 2H, Ar-H), 7.22 (d, J = 8.2 Hz, 2H, Ar-H),
3.82 (d, 3JP-H = 11.3 Hz, 6H, O-CH3), 3.30 (d, 2JP-H = 21.2 Hz, 2H, H2), 2.37 (s, 3H, Ar-CH3)",COP(=O)(CC([O-])=[SH]c1ccc(C)cc1)OC,292,0.04,1.0,1.0,1.0
144,S-(p-tolyl)-2-(dimethoxyphosphoryl)ethanethioate,MS,"(ES+) calcd for C11H16PO4S [M+H]+ 275.0507, found 275.0502",COP(=O)(CC([O-])=[SH]c1ccc(C)cc1)OC,293,,,,
145,"dimethyl (2R,3R)-1,4-dioxaspiro[4.4]nonane-2,3-dicarboxylate",Rf,"(SiO2, 10% EtOAc:PE40-60) 0.2",COC(=O)[C@@H]1OC2(CCCC2)O[C@H]1C(=O)OC,345,,,,
146,"dimethyl (2R,3R)-1,4-dioxaspiro[4.4]nonane-2,3-dicarboxylate",1H NMR,"(500 MHz, CDCl3) δ 4.78 (s, 1H, H23), 4.14 – 3.43
(m, 3H, O-CH3), 2.05 – 1.93 (m, 1H, Ha’), 1.92 – 1.82 (m, 1H, Ha”), 1.77 – 1.68 (m, 2H, Hb)",COC(=O)[C@@H]1OC2(CCCC2)O[C@H]1C(=O)OC,346,,,,
147,"dimethyl (2R,3R)-1,4-dioxaspiro[4.4]nonane-2,3-dicarboxylate",13C NMR,"(126 MHz, CDCl3) δ 170.03, 123.18, 76.80 (obscured by CDCl3), 52.78, 38.34, 23.45",COC(=O)[C@@H]1OC2(CCCC2)O[C@H]1C(=O)OC,347,,,,
148,"dimethyl (2R,3R)-1,4-dioxaspiro[4.4]nonane-2,3-dicarboxylate",MS,"(ES+) calcd for C11H17O6 [M+H]+ 245.1020, found 245.1018",COC(=O)[C@@H]1OC2(CCCC2)O[C@H]1C(=O)OC,348,,,,
149,"dimethyl (2R,3R)-1,4-dioxaspiro[4.4]nonane-2,3-dicarboxylate",IR,"(thin film, vmax) 2958,
2876, 1760, 1741, 1437, 1338, 1206, 1125, 973, 867 cm-1",COC(=O)[C@@H]1OC2(CCCC2)O[C@H]1C(=O)OC,349,,,,
150,ethyl (S)-2-((tert-butyldimethylsilyl)oxy)propanoate,Rf,"(SiO2, 10% EtOAc:PE40-60) 0.35",CCOC(=O)[C@H](C)O[Si](C)(C)C(C)(C)C,360,,,,
151,ethyl (S)-2-((tert-butyldimethylsilyl)oxy)propanoate,1H NMR,"(500 MHz, CDCl3) δ 4.33 (q, J = 6.7 Hz, 1H, H26),
4.28 – 4.13 (m, 2H, OCH2), 1.42 (d, J = 6.8 Hz, 3H, H27), 1.30 (t, J = 7.1 Hz, 3H, OCH2CH3), 0.93
(s, 9H, Si-C(CH3)3), 0.16 (s, 3H, Si-CH3), 0.05 (s, 3H, Si-CH3)",CCOC(=O)[C@H](C)O[Si](C)(C)C(C)(C)C,361,,,,
152,ethyl (S)-2-((tert-butyldimethylsilyl)oxy)propanoate,13C NMR,"(126 MHz, CDCl3) δ
174.06, 68.40, 60.60, 25.72, 21.20, 18.25, 14.39, -4.60",CCOC(=O)[C@H](C)O[Si](C)(C)C(C)(C)C,362,0.0,1.0,0.89,0.94
153,ethyl (S)-2-((tert-butyldimethylsilyl)oxy)propanoate,MS,"(ES+) calcd. for C11H25O3Si [M+H]+
233.1567, found 233.1567",CCOC(=O)[C@H](C)O[Si](C)(C)C(C)(C)C,363,,,,
154,ethyl (S)-2-((tert-butyldimethylsilyl)oxy)propanoate,IR,"(thin film, vmax) 1732, 1730, 1455, 1310, 1211, 1093, 965, 801 cm-1",CCOC(=O)[C@H](C)O[Si](C)(C)C(C)(C)C,364,,,,
155,"tert-butyl(2-((4R,5R,6R)-6-((R)-3-((4-methoxybenzyl)oxy)-2-methylpropyl)-2,2,5-trimethyl-
1,3-dioxan-4-yl)ethoxy)dimethylsilane",1H NMR,"(500 MHz, CDCl3) δ 7.26 (d, J = 8.6 Hz, 2H, Ar-H), 6.87 (d, J = 8.7 Hz, 2H, Ar-H),
4.43 (s, 2H, Ar-CH2-O), 4.04 (ddd, J = 9.4, 5.2, 3.7 Hz, 1H, H5), 3.80 (s, 3H, Ar-OCH3), 3.72 –
3.55 (m, 2H, H3), 3.35 (dd, J = 9.1, 5.6 Hz, 1H, H10''), 3.30 (ddd, J = 10.5, 8.1, 2.4 Hz, 1H, H7),
3.21 (dd, J = 9.1, 7.0 Hz, 1H, H10'), 2.10 – 1.93 (m, 1H, H9), 1.73 – 1.48 (m, 5H, H6, H8, H4), 1.31
(s, 3H, C(CH3)2), 1.30 (s, 3H, C(CH3)2), 0.94 (d, J = 6.7 Hz, 3H, H28), 0.89 (s, 9H, Si-C(CH3)3),
0.81 (d, J = 6.9 Hz, 3H, H29), 0.04 (s, 6H, Si-(CH3)2)",COc1ccc(COC[C@H](C)C[C@H]2OC(C)(C)O[C@H](CCO[Si](C)(C)C(C)(C)C)[C@@H]2C)cc1,272,,,,
156,"tert-butyl(2-((4R,5R,6R)-6-((R)-3-((4-methoxybenzyl)oxy)-2-methylpropyl)-2,2,5-trimethyl-
1,3-dioxan-4-yl)ethoxy)dimethylsilane",13C NMR,"(126 MHz, CDCl3) δ 159.18,
131.05, 129.29, 113.84, 100.58, 76.10, 72.70, 72.47, 65.53, 59.85, 55.41, 40.73, 38.57, 34.05, 30.19,
26.10, 25.09, 23.98, 18.42, 16.62, 11.86, -5.17, -5.21",COc1ccc(COC[C@H](C)C[C@H]2OC(C)(C)O[C@H](CCO[Si](C)(C)C(C)(C)C)[C@@H]2C)cc1,273,0.02,1.0,0.92,0.96
157,"tert-butyl(2-((4R,5R,6R)-6-((R)-3-((4-methoxybenzyl)oxy)-2-methylpropyl)-2,2,5-trimethyl-
1,3-dioxan-4-yl)ethoxy)dimethylsilane",MS,"(ES+) calcd for C27H49O5Si [M+H]+
481.3344, found 481.3336",COc1ccc(COC[C@H](C)C[C@H]2OC(C)(C)O[C@H](CCO[Si](C)(C)C(C)(C)C)[C@@H]2C)cc1,274,,,,
158,"tert-butyldimethyl(2-((4R,5R,6R)-2,2,5-trimethyl-6-((R)-2-methylbut-3-en-1-yl)-1,3-dioxan-4-
yl)ethoxy)silane",Rf,"(SiO2, 10% EtOAc:PE40-60) 0.35",C=C[C@H](C)C[C@H]1OC(C)(C)O[C@H](CCO[Si](C)(C)C(C)(C)C)[C@@H]1C,280,,,,
159,"tert-butyldimethyl(2-((4R,5R,6R)-2,2,5-trimethyl-6-((R)-2-methylbut-3-en-1-yl)-1,3-dioxan-4-
yl)ethoxy)silane",1H NMR,"(500 MHz, CDCl3) δ 5.83 (ddd, J = 17.2, 10.4, 6.8
Hz, 1H, H10), 5.00 (dt, J = 17.3, 1.6 Hz, 1H, H11'), 4.92 (dt, J = 10.4, 1.5 Hz, 1H, H11''), 4.08 (ddd,
J = 9.4, 5.1, 3.7 Hz, 1H, H5), 3.74 – 3.62 (m, 2H, H3), 3.33 (ddd, J = 10.4, 7.9, 2.9 Hz, 1H, H7),
2.46 – 2.35 (m, 1H, H9), 1.72 – 1.51 (m, 5H, H8, H6. H4), 1.35 (s, 6H, C(CH3)2), 1.01 (d, J = 6.8
Hz, 3H, H29), 0.91 (s, 9H, Si-C(CH3)3), 0.88 – 0.76 (m, 3H, H28), 0.06 (s, 6H, Si-(CH3)2)",C=C[C@H](C)C[C@H]1OC(C)(C)O[C@H](CCO[Si](C)(C)C(C)(C)C)[C@@H]1C,281,,,,
160,"tert-butyldimethyl(2-((4R,5R,6R)-2,2,5-trimethyl-6-((R)-2-methylbut-3-en-1-yl)-1,3-dioxan-4-
yl)ethoxy)silane",13C NMR,"(125 MHz, CDCl3) δ 144.93, 111.87, 100.45, 72.42, 65.36, 59.68, 41.33, 40.48, 33.92, 33.53,
25.95, 25.02, 23.93, 18.54, 18.26, 11.76, -5.32, -5.36",C=C[C@H](C)C[C@H]1OC(C)(C)O[C@H](CCO[Si](C)(C)C(C)(C)C)[C@@H]1C,282,,,,
161,"tert-butyldimethyl(2-((4R,5R,6R)-2,2,5-trimethyl-6-((R)-2-methylbut-3-en-1-yl)-1,3-dioxan-4-
yl)ethoxy)silane",MS,"(ES+) calcd for C20H40O4Si [M+H]+
357.2819, found 357.2821",C=C[C@H](C)C[C@H]1OC(C)(C)O[C@H](CCO[Si](C)(C)C(C)(C)C)[C@@H]1C,283,,,,
162,"tert-butyldimethyl(2-((4R,5R,6R)-2,2,5-trimethyl-6-((R)-2-methylbut-3-en-1-yl)-1,3-dioxan-4-
yl)ethoxy)silane",IR,"(thin film) vmax 2955, 2899, 1642, 1276, 1135, 1104, 997, 913, 847,
840, 677, 669 cm-1",C=C[C@H](C)C[C@H]1OC(C)(C)O[C@H](CCO[Si](C)(C)C(C)(C)C)[C@@H]1C,284,,,,
